run,model,kd_method,corruption,severity,acc,ece,nll,brier,mean_conf,agreement,kl_ts,agreement_on_teacher_errors
student_resnet32_dkd,resnet32,dkd,clean,0,0.7287999987602234,0.09570258110761642,1.0587631464004517,0.39143767952919006,0.8245025277137756,0.767300009727478,0.5930482149124146,0.4021739065647125
student_resnet32_dkd_nckd,resnet32,dkd,clean,0,0.724399983882904,0.04916800558567047,0.9996726512908936,0.38535985350608826,0.7721208930015564,0.7681000232696533,0.5343868732452393,0.41764214634895325
student_resnet32_scratch,resnet32,none,clean,0,0.7134000062942505,0.08301585912704468,1.0796514749526978,0.4011409282684326,0.7964158058166504,0.7357000112533569,0.7486963272094727,0.34866219758987427
student_wrn_16_2_dkd_nckd,wrn_16_2,dkd,clean,0,0.7351999878883362,0.04401829093694687,0.9485739469528198,0.3663588762283325,0.7785100340843201,0.7853000164031982,0.4526422321796417,0.4377090334892273
student_resnet32_dkd,resnet32,dkd,gaussian_noise,1,0.3955000042915344,0.2822430431842804,3.1432461738586426,0.8521704077720642,0.6777430772781372,0.5300999879837036,1.2835447788238525,0.37242764234542847
student_resnet32_dkd_nckd,resnet32,dkd,gaussian_noise,1,0.3653999865055084,0.2584837079048157,3.1747512817382812,0.8648982644081116,0.6238836646080017,0.5453000068664551,1.0859652757644653,0.4221181273460388
student_resnet32_scratch,resnet32,none,gaussian_noise,1,0.37139999866485596,0.27503451704978943,3.336060047149658,0.8688636422157288,0.6464345455169678,0.4699000120162964,1.5879390239715576,0.31320059299468994
student_wrn_16_2_dkd_nckd,wrn_16_2,dkd,gaussian_noise,1,0.362199991941452,0.2390219271183014,3.1516196727752686,0.8618826866149902,0.6012219190597534,0.5613999962806702,0.952186644077301,0.44169315695762634
student_resnet32_dkd,resnet32,dkd,gaussian_noise,2,0.22699999809265137,0.40855637192726135,5.011872291564941,1.1015695333480835,0.6353851556777954,0.4668000042438507,1.3781309127807617,0.3971222937107086
student_resnet32_dkd_nckd,resnet32,dkd,gaussian_noise,2,0.20890000462532043,0.40523236989974976,5.247213840484619,1.121752142906189,0.6141323447227478,0.5001000165939331,1.1839979887008667,0.448920875787735
student_resnet32_scratch,resnet32,none,gaussian_noise,2,0.2070000022649765,0.418998122215271,5.439302921295166,1.1246708631515503,0.6259981989860535,0.40709999203681946,1.7384283542633057,0.3457161486148834
student_wrn_16_2_dkd_nckd,wrn_16_2,dkd,gaussian_noise,2,0.19779999554157257,0.40385058522224426,5.184399604797363,1.1315712928771973,0.601650595664978,0.516700029373169,1.0950357913970947,0.47534337639808655
student_resnet32_dkd,resnet32,dkd,gaussian_noise,3,0.1388999968767166,0.4829290807247162,6.582874774932861,1.2398329973220825,0.621829092502594,0.41659998893737793,1.4673329591751099,0.37686261534690857
student_resnet32_dkd_nckd,resnet32,dkd,gaussian_noise,3,0.12489999830722809,0.49249517917633057,6.792977333068848,1.258821964263916,0.617395281791687,0.48570001125335693,1.226817011833191,0.46216121315956116
student_resnet32_scratch,resnet32,none,gaussian_noise,3,0.12439999729394913,0.49806278944015503,7.2244696617126465,1.268396019935608,0.6224626898765564,0.39660000801086426,1.7684882879257202,0.3687668740749359
student_wrn_16_2_dkd_nckd,wrn_16_2,dkd,gaussian_noise,3,0.11379999667406082,0.4978466033935547,6.659708499908447,1.2726575136184692,0.6116465926170349,0.5189999938011169,1.1045666933059692,0.5052211880683899
student_resnet32_dkd,resnet32,dkd,gaussian_noise,4,0.11330000311136246,0.5029717683792114,7.187102317810059,1.279581904411316,0.6162718534469604,0.391400009393692,1.5133906602859497,0.35883092880249023
student_resnet32_dkd_nckd,resnet32,dkd,gaussian_noise,4,0.1054999977350235,0.5054190754890442,7.302455425262451,1.288007378578186,0.6109190583229065,0.48010000586509705,1.2052167654037476,0.46375158429145813
student_resnet32_scratch,resnet32,none,gaussian_noise,4,0.09849999845027924,0.5239899754524231,7.980525970458984,1.3132057189941406,0.622489869594574,0.38769999146461487,1.809491753578186,0.3715035915374756
student_wrn_16_2_dkd_nckd,wrn_16_2,dkd,gaussian_noise,4,0.09189999848604202,0.5163604021072388,7.1737141609191895,1.3056859970092773,0.6082603931427002,0.5195000171661377,1.066307544708252,0.5136430859565735
student_resnet32_dkd,resnet32,dkd,gaussian_noise,5,0.09529999643564224,0.5097332000732422,7.612210750579834,1.3002723455429077,0.6050332188606262,0.3799999952316284,1.5553503036499023,0.35425257682800293
student_resnet32_dkd_nckd,resnet32,dkd,gaussian_noise,5,0.08900000154972076,0.513796329498291,7.653069496154785,1.3074754476547241,0.6027963161468506,0.48809999227523804,1.2022325992584229,0.47608962655067444
student_resnet32_scratch,resnet32,none,gaussian_noise,5,0.08100000023841858,0.5345567464828491,8.545434951782227,1.3372045755386353,0.6155567169189453,0.38269999623298645,1.8404451608657837,0.3714190125465393
student_wrn_16_2_dkd_nckd,wrn_16_2,dkd,gaussian_noise,5,0.07970000058412552,0.525435745716095,7.468362331390381,1.3212730884552002,0.6051357984542847,0.5415999889373779,1.0286314487457275,0.5372868180274963
student_resnet32_dkd,resnet32,dkd,shot_noise,1,0.5026999711990356,0.21418911218643188,2.3421072959899902,0.701076865196228,0.7163359522819519,0.5810999870300293,1.1287857294082642,0.3574780523777008
student_resnet32_dkd_nckd,resnet32,dkd,shot_noise,1,0.47760000824928284,0.17404545843601227,2.3083057403564453,0.7086144685745239,0.6516454815864563,0.5817000269889832,0.9640140533447266,0.3819628655910492
student_resnet32_scratch,resnet32,none,shot_noise,1,0.47679999470710754,0.20685894787311554,2.4347047805786133,0.7172579765319824,0.6836589574813843,0.5275999903678894,1.4228767156600952,0.29708221554756165
student_wrn_16_2_dkd_nckd,wrn_16_2,dkd,shot_noise,1,0.49059998989105225,0.14728321135044098,2.2292771339416504,0.688447892665863,0.637883186340332,0.6057999730110168,0.8348775506019592,0.4035910964012146
student_resnet32_dkd,resnet32,dkd,shot_noise,2,0.3702000081539154,0.3036994934082031,3.359905481338501,0.890067994594574,0.6738995313644409,0.5202000141143799,1.295096755027771,0.3762953281402588
student_resnet32_dkd_nckd,resnet32,dkd,shot_noise,2,0.35589998960494995,0.26827096939086914,3.340735912322998,0.8856871128082275,0.624030351638794,0.5343999862670898,1.0894185304641724,0.40981218218803406
student_resnet32_scratch,resnet32,none,shot_noise,2,0.3578000068664551,0.2843937575817108,3.487459421157837,0.8877878189086914,0.6421937346458435,0.45249998569488525,1.6694822311401367,0.3034326434135437
student_wrn_16_2_dkd_nckd,wrn_16_2,dkd,shot_noise,2,0.3492000102996826,0.25792554020881653,3.303697347640991,0.8891346454620361,0.6070253849029541,0.5559999942779541,0.9792269468307495,0.44608160853385925
student_resnet32_dkd,resnet32,dkd,shot_noise,3,0.19939999282360077,0.44267019629478455,5.555832862854004,1.1617845296859741,0.6420702338218689,0.45329999923706055,1.431017279624939,0.3925609588623047
student_resnet32_dkd_nckd,resnet32,dkd,shot_noise,3,0.17960000038146973,0.441972017288208,5.68696403503418,1.175272822380066,0.6215720772743225,0.5109999775886536,1.1687864065170288,0.47524502873420715
student_resnet32_scratch,resnet32,none,shot_noise,3,0.17880000174045563,0.45209240913391113,5.958993434906006,1.180619239807129,0.6308923959732056,0.4059999883174896,1.7850396633148193,0.3554913401603699
student_wrn_16_2_dkd_nckd,wrn_16_2,dkd,shot_noise,3,0.16699999570846558,0.4490661919116974,5.6742939949035645,1.1945313215255737,0.6158780455589294,0.5403000116348267,1.068570852279663,0.5189746022224426
student_resnet32_dkd,resnet32,dkd,shot_noise,4,0.14550000429153442,0.4876916706562042,6.37263298034668,1.2416443824768066,0.633191704750061,0.43230000138282776,1.4509892463684082,0.39400047063827515
student_resnet32_dkd_nckd,resnet32,dkd,shot_noise,4,0.13529999554157257,0.4903099834918976,6.491612434387207,1.2522752285003662,0.625581681728363,0.5113000273704529,1.1437301635742188,0.49087029695510864
student_resnet32_scratch,resnet32,none,shot_noise,4,0.1362999975681305,0.4970671832561493,6.91757869720459,1.2603793144226074,0.6333672404289246,0.4065000116825104,1.7809728384017944,0.3756224811077118
student_wrn_16_2_dkd_nckd,wrn_16_2,dkd,shot_noise,4,0.12300000339746475,0.5066846013069153,6.481341361999512,1.277976632118225,0.6296847462654114,0.54830002784729,1.0598887205123901,0.5380602478981018
student_resnet32_dkd,resnet32,dkd,shot_noise,5,0.10490000247955322,0.5150999426841736,7.306153774261475,1.3000836372375488,0.619999885559082,0.4092000126838684,1.4877641201019287,0.3816974461078644
student_resnet32_dkd_nckd,resnet32,dkd,shot_noise,5,0.0982000008225441,0.5239987969398499,7.357192039489746,1.312698245048523,0.6221987009048462,0.5202999711036682,1.1307003498077393,0.5103557109832764
student_resnet32_scratch,resnet32,none,shot_noise,5,0.0949999988079071,0.5363427400588989,8.134936332702637,1.3323814868927002,0.6313426494598389,0.41339999437332153,1.7911841869354248,0.4015083312988281
student_wrn_16_2_dkd_nckd,wrn_16_2,dkd,shot_noise,5,0.08649999648332596,0.545595645904541,7.312066555023193,1.3396919965744019,0.6320956349372864,0.5630999803543091,1.0158607959747314,0.5610085725784302
student_resnet32_dkd,resnet32,dkd,impulse_noise,1,0.5238000154495239,0.1850178837776184,2.1281657218933105,0.6608020067214966,0.7088178396224976,0.5842000246047974,1.123155117034912,0.33210092782974243
student_resnet32_dkd_nckd,resnet32,dkd,impulse_noise,1,0.5175999999046326,0.12497677654027939,2.0188887119293213,0.6464585661888123,0.6424530744552612,0.5834000110626221,1.012231707572937,0.3390604555606842
student_resnet32_scratch,resnet32,none,impulse_noise,1,0.4934999942779541,0.17930246889591217,2.3279123306274414,0.6945356726646423,0.6728025078773499,0.5224000215530396,1.5356934070587158,0.2635928690433502
student_wrn_16_2_dkd_nckd,wrn_16_2,dkd,impulse_noise,1,0.520799994468689,0.12036190181970596,2.0049266815185547,0.6389475464820862,0.6411619186401367,0.6046000123023987,0.8719221949577332,0.3682035803794861
student_resnet32_dkd,resnet32,dkd,impulse_noise,2,0.34439998865127563,0.2805420756340027,3.388746500015259,0.8981812596321106,0.6249420642852783,0.45260000228881836,1.4854923486709595,0.30824869871139526
student_resnet32_dkd_nckd,resnet32,dkd,impulse_noise,2,0.3276999890804291,0.2468821406364441,3.3552944660186768,0.8946294784545898,0.5745820999145508,0.44600000977516174,1.4325608015060425,0.3080947995185852
student_resnet32_scratch,resnet32,none,impulse_noise,2,0.3010999858379364,0.3010294437408447,3.999173164367676,0.9533337950706482,0.6021293997764587,0.36340001225471497,2.1962430477142334,0.22883963584899902
student_wrn_16_2_dkd_nckd,wrn_16_2,dkd,impulse_noise,2,0.3368000090122223,0.22265377640724182,3.249511241912842,0.8715863227844238,0.5594537854194641,0.4851999878883362,1.1433703899383545,0.35210832953453064
student_resnet32_dkd,resnet32,dkd,impulse_noise,3,0.2371000051498413,0.33871692419052124,4.324579238891602,1.0257090330123901,0.5758169889450073,0.38769999146461487,1.6520978212356567,0.29665446281433105
student_resnet32_dkd_nckd,resnet32,dkd,impulse_noise,3,0.2078000009059906,0.3375888466835022,4.543107509613037,1.056531310081482,0.5453888177871704,0.3643999993801117,1.6974751949310303,0.2854155898094177
student_resnet32_scratch,resnet32,none,impulse_noise,3,0.1843000054359436,0.38538700342178345,5.424132347106934,1.1108336448669434,0.569687008857727,0.29260000586509705,2.5131707191467285,0.22334030270576477
student_wrn_16_2_dkd_nckd,wrn_16_2,dkd,impulse_noise,3,0.22059999406337738,0.2988028824329376,4.3243513107299805,1.0138170719146729,0.5194028615951538,0.4034999907016754,1.3170093297958374,0.32083114981651306
student_resnet32_dkd,resnet32,dkd,impulse_noise,4,0.1316000074148178,0.38078027963638306,5.647706031799316,1.1447199583053589,0.5123803019523621,0.3068999946117401,1.8068652153015137,0.2619398832321167
student_resnet32_dkd_nckd,resnet32,dkd,impulse_noise,4,0.10700000077486038,0.40920543670654297,6.144004821777344,1.1910432577133179,0.516205370426178,0.3221000134944916,1.7862714529037476,0.2873511016368866
student_resnet32_scratch,resnet32,none,impulse_noise,4,0.09139999747276306,0.44048798084259033,7.246408462524414,1.2275984287261963,0.5318880081176758,0.2361000031232834,2.6044228076934814,0.20839478075504303
student_wrn_16_2_dkd_nckd,wrn_16_2,dkd,impulse_noise,4,0.11190000176429749,0.3627181053161621,5.980169773101807,1.1451830863952637,0.4746181070804596,0.32409998774528503,1.4718906879425049,0.28689733147621155
student_resnet32_dkd,resnet32,dkd,impulse_noise,5,0.08669999986886978,0.39580395817756653,6.512551784515381,1.188968300819397,0.4825039505958557,0.26339998841285706,1.9601998329162598,0.23664864897727966
student_resnet32_dkd_nckd,resnet32,dkd,impulse_noise,5,0.0723000019788742,0.41865894198417664,7.00248908996582,1.2205157279968262,0.49095892906188965,0.3037000000476837,1.7107843160629272,0.28443244099617004
student_resnet32_scratch,resnet32,none,impulse_noise,5,0.05660000070929527,0.45257043838500977,8.51870059967041,1.2620636224746704,0.509170413017273,0.1876000016927719,2.7386763095855713,0.17243243753910065
student_wrn_16_2_dkd_nckd,wrn_16_2,dkd,impulse_noise,5,0.0706000030040741,0.38874551653862,7.049410343170166,1.1934505701065063,0.4593455195426941,0.2937000095844269,1.5538173913955688,0.27340540289878845
student_resnet32_dkd,resnet32,dkd,defocus_blur,1,0.7218999862670898,0.10022260248661041,1.085868239402771,0.39898109436035156,0.8219465017318726,0.7616999745368958,0.6005748510360718,0.40165629982948303
student_resnet32_dkd_nckd,resnet32,dkd,defocus_blur,1,0.7186999917030334,0.05230969190597534,1.0206536054611206,0.3912583589553833,0.7689559459686279,0.7613999843597412,0.537015974521637,0.4157349765300751
student_resnet32_scratch,resnet32,none,defocus_blur,1,0.7093999981880188,0.08509739488363266,1.098191499710083,0.40598466992378235,0.7944973707199097,0.7353000044822693,0.7536354064941406,0.3561076521873474
student_wrn_16_2_dkd_nckd,wrn_16_2,dkd,defocus_blur,1,0.7286999821662903,0.04847479611635208,0.9676417112350464,0.3724137842655182,0.7768509984016418,0.7807000279426575,0.45632022619247437,0.4389233887195587
student_resnet32_dkd,resnet32,dkd,defocus_blur,2,0.6832000017166138,0.12103219330310822,1.2582149505615234,0.448088139295578,0.804227352142334,0.7314000129699707,0.6857843995094299,0.39754247665405273
student_resnet32_dkd_nckd,resnet32,dkd,defocus_blur,2,0.6818000078201294,0.06407545506954193,1.1793007850646973,0.43872109055519104,0.745337963104248,0.7303000092506409,0.6017886996269226,0.395374059677124
student_resnet32_scratch,resnet32,none,defocus_blur,2,0.6726999878883362,0.10503696650266647,1.2727359533309937,0.4557726979255676,0.7777128219604492,0.6985999941825867,0.8481607437133789,0.33538126945495605
student_wrn_16_2_dkd_nckd,wrn_16_2,dkd,defocus_blur,2,0.6987000107765198,0.05527547001838684,1.1144413948059082,0.41571542620658875,0.753975510597229,0.7605000138282776,0.509170413017273,0.4380195140838623
student_resnet32_dkd,resnet32,dkd,defocus_blur,3,0.597599983215332,0.16614307463169098,1.7297987937927246,0.5688785314559937,0.7637430429458618,0.6585999727249146,0.8898309469223022,0.36830660700798035
student_resnet32_dkd_nckd,resnet32,dkd,defocus_blur,3,0.5860000252723694,0.10968735814094543,1.6175724267959595,0.5578752756118774,0.6956873536109924,0.6611999869346619,0.7616618871688843,0.3914107084274292
student_resnet32_scratch,resnet32,none,defocus_blur,3,0.582099974155426,0.1531095802783966,1.7770791053771973,0.5812184810638428,0.7351607084274292,0.6226000189781189,1.0992565155029297,0.31992387771606445
student_wrn_16_2_dkd_nckd,wrn_16_2,dkd,defocus_blur,3,0.6115000247955322,0.0902913361787796,1.5240052938461304,0.5286375880241394,0.7017021179199219,0.6930999755859375,0.6542466282844543,0.41560205817222595
student_resnet32_dkd,resnet32,dkd,defocus_blur,4,0.4875999987125397,0.2289222925901413,2.499413013458252,0.7252456545829773,0.7165222764015198,0.5864999890327454,1.1126208305358887,0.3725005090236664
student_resnet32_dkd_nckd,resnet32,dkd,defocus_blur,4,0.48179998993873596,0.16117021441459656,2.267298936843872,0.6956631541252136,0.6429702043533325,0.5913000106811523,0.9401318430900574,0.3865182399749756
student_resnet32_scratch,resnet32,none,defocus_blur,4,0.4830999970436096,0.21063265204429626,2.4769718647003174,0.7208820581436157,0.6937326192855835,0.5479999780654907,1.389536738395691,0.3174603283405304
student_wrn_16_2_dkd_nckd,wrn_16_2,dkd,defocus_blur,4,0.49790000915527344,0.15669941902160645,2.1778080463409424,0.676656186580658,0.6545994281768799,0.6259999871253967,0.8094488978385925,0.421150267124176
student_resnet32_dkd,resnet32,dkd,defocus_blur,5,0.3343000113964081,0.32875680923461914,3.746840238571167,0.946434497833252,0.6630567908287048,0.5103999972343445,1.3570127487182617,0.38503679633140564
student_resnet32_dkd_nckd,resnet32,dkd,defocus_blur,5,0.3411000072956085,0.2451603263616562,3.3039515018463135,0.8827067613601685,0.5862603187561035,0.5088000297546387,1.1382958889007568,0.37627172470092773
student_resnet32_scratch,resnet32,none,defocus_blur,5,0.3386000096797943,0.29785633087158203,3.687889814376831,0.9178552627563477,0.636456310749054,0.44769999384880066,1.7210474014282227,0.30615121126174927
student_wrn_16_2_dkd_nckd,wrn_16_2,dkd,defocus_blur,5,0.3476000130176544,0.2584158778190613,3.244873523712158,0.881369948387146,0.6060158610343933,0.5435000061988831,1.0173391103744507,0.4179057776927948
student_resnet32_dkd,resnet32,dkd,glass_blur,1,0.22550000250339508,0.489498496055603,5.7662529945373535,1.2075976133346558,0.7149985432624817,0.4885999858379364,1.66325044631958,0.43035048246383667
student_resnet32_dkd_nckd,resnet32,dkd,glass_blur,1,0.2084999978542328,0.42056941986083984,5.027167797088623,1.1501845121383667,0.629069447517395,0.5001000165939331,1.2431608438491821,0.44935163855552673
student_resnet32_scratch,resnet32,none,glass_blur,1,0.2215999960899353,0.44920408725738525,5.312411308288574,1.1557132005691528,0.6708040833473206,0.44350001215934753,1.8522976636886597,0.3829759955406189
student_wrn_16_2_dkd_nckd,wrn_16_2,dkd,glass_blur,1,0.21320000290870667,0.40543803572654724,4.998669624328613,1.134992003440857,0.6186380982398987,0.5303000211715698,1.0758808851242065,0.48054948449134827
student_resnet32_dkd,resnet32,dkd,glass_blur,2,0.23980000615119934,0.47185829281806946,5.4865522384643555,1.177244782447815,0.7116583585739136,0.4894999861717224,1.6113872528076172,0.4233907461166382
student_resnet32_dkd_nckd,resnet32,dkd,glass_blur,2,0.22030000388622284,0.4054514169692993,4.847527503967285,1.1234409809112549,0.6257514357566833,0.4993000030517578,1.2404251098632812,0.4416526257991791
student_resnet32_scratch,resnet32,none,glass_blur,2,0.2320999950170517,0.43643975257873535,5.162759304046631,1.1353743076324463,0.6685396432876587,0.4383000135421753,1.8529670238494873,0.36795753240585327
student_wrn_16_2_dkd_nckd,wrn_16_2,dkd,glass_blur,2,0.22290000319480896,0.3910370469093323,4.7950568199157715,1.1089942455291748,0.6139370799064636,0.529699981212616,1.044975996017456,0.47623366117477417
student_resnet32_dkd,resnet32,dkd,glass_blur,3,0.26660001277923584,0.424358606338501,4.831110000610352,1.0996819734573364,0.6909586191177368,0.4797999858856201,1.4913641214370728,0.3928666114807129
student_resnet32_dkd_nckd,resnet32,dkd,glass_blur,3,0.23489999771118164,0.37817180156707764,4.557173252105713,1.0812005996704102,0.6130717992782593,0.49729999899864197,1.1942377090454102,0.4286661446094513
student_resnet32_scratch,resnet32,none,glass_blur,3,0.2547000050544739,0.4055037796497345,4.755862712860107,1.0813438892364502,0.660203754901886,0.43389999866485596,1.8107037544250488,0.34924423694610596
student_wrn_16_2_dkd_nckd,wrn_16_2,dkd,glass_blur,3,0.23800000548362732,0.3676845133304596,4.479755878448486,1.0676392316818237,0.6056844592094421,0.5228000283241272,1.0222381353378296,0.4565102159976959
student_resnet32_dkd,resnet32,dkd,glass_blur,4,0.1712999939918518,0.5618742108345032,6.898125648498535,1.3257125616073608,0.733174204826355,0.48899999260902405,1.7669507265090942,0.45587170124053955
student_resnet32_dkd_nckd,resnet32,dkd,glass_blur,4,0.16359999775886536,0.4782189726829529,5.668407440185547,1.2367281913757324,0.6418190598487854,0.4999000132083893,1.2597498893737793,0.4702194333076477
student_resnet32_scratch,resnet32,none,glass_blur,4,0.17960000038146973,0.4966955780982971,6.15606689453125,1.2465481758117676,0.6762955784797668,0.44690001010894775,1.8764437437057495,0.4043887257575989
student_wrn_16_2_dkd_nckd,wrn_16_2,dkd,glass_blur,4,0.16850000619888306,0.4497993588447571,5.596141815185547,1.203739881515503,0.6182993650436401,0.5367000102996826,1.0453463792800903,0.5054256319999695
student_resnet32_dkd,resnet32,dkd,glass_blur,5,0.20489999651908875,0.49659472703933716,5.884554862976074,1.223651647567749,0.7014947533607483,0.47360000014305115,1.6038563251495361,0.41813942790031433
student_resnet32_dkd_nckd,resnet32,dkd,glass_blur,5,0.17880000174045563,0.435226708650589,5.259431838989258,1.174484133720398,0.6140267848968506,0.48750001192092896,1.2437386512756348,0.4445262551307678
student_resnet32_scratch,resnet32,none,glass_blur,5,0.19280000030994415,0.4629090428352356,5.660017013549805,1.1857892274856567,0.6557090878486633,0.42329999804496765,1.861126184463501,0.3707658350467682
student_wrn_16_2_dkd_nckd,wrn_16_2,dkd,glass_blur,5,0.1867000013589859,0.4167409837245941,5.21309232711792,1.1564509868621826,0.6034409999847412,0.5178999900817871,1.041902780532837,0.47201767563819885
student_resnet32_dkd,resnet32,dkd,motion_blur,1,0.6238999962806702,0.14816655218601227,1.60911226272583,0.5343064069747925,0.7720665335655212,0.6826000213623047,0.8347902297973633,0.3773799240589142
student_resnet32_dkd_nckd,resnet32,dkd,motion_blur,1,0.6147000193595886,0.09529630839824677,1.48894202709198,0.5209293365478516,0.7099456191062927,0.6794999837875366,0.7247431874275208,0.3947144150733948
student_resnet32_scratch,resnet32,none,motion_blur,1,0.6110000014305115,0.13020476698875427,1.596852421760559,0.5363163352012634,0.7412047982215881,0.635200023651123,1.0480314493179321,0.30548450350761414
student_wrn_16_2_dkd_nckd,wrn_16_2,dkd,motion_blur,1,0.6345999836921692,0.08110363036394119,1.4054666757583618,0.49520477652549744,0.7157036066055298,0.7085000276565552,0.6153339147567749,0.41631144285202026
student_resnet32_dkd,resnet32,dkd,motion_blur,2,0.5358999967575073,0.19619101285934448,2.151095390319824,0.6537747979164124,0.7320910096168518,0.6202999949455261,1.0268601179122925,0.37042030692100525
student_resnet32_dkd_nckd,resnet32,dkd,motion_blur,2,0.529699981212616,0.1356935054063797,1.9711296558380127,0.6328706741333008,0.6652266383171082,0.6166999936103821,0.8811380863189697,0.3751404881477356
student_resnet32_scratch,resnet32,none,motion_blur,2,0.5257999897003174,0.17647762596607208,2.111759901046753,0.6519983410835266,0.7022776007652283,0.5716999769210815,1.2851438522338867,0.30883345007896423
student_wrn_16_2_dkd_nckd,wrn_16_2,dkd,motion_blur,2,0.5458999872207642,0.12208095192909241,1.887559413909912,0.613010048866272,0.667980968952179,0.6437000036239624,0.7715268731117249,0.4034614562988281
student_resnet32_dkd,resnet32,dkd,motion_blur,3,0.454800009727478,0.23698998987674713,2.7040960788726807,0.7598303556442261,0.691789984703064,0.5619999766349792,1.1791832447052002,0.3627232015132904
student_resnet32_dkd_nckd,resnet32,dkd,motion_blur,3,0.4512999951839447,0.17518137395381927,2.4637510776519775,0.7311251759529114,0.626481294631958,0.5638999938964844,1.0183123350143433,0.3668154776096344
student_resnet32_scratch,resnet32,none,motion_blur,3,0.44600000977516174,0.22236230969429016,2.662628412246704,0.759330689907074,0.6683622002601624,0.5145999789237976,1.4970568418502808,0.3072916567325592
student_wrn_16_2_dkd_nckd,wrn_16_2,dkd,motion_blur,3,0.4708999991416931,0.16137909889221191,2.400758743286133,0.7130717039108276,0.632279098033905,0.5928999781608582,0.8967872858047485,0.3952752947807312
student_resnet32_dkd,resnet32,dkd,motion_blur,4,0.4595000147819519,0.23267604410648346,2.7034659385681152,0.7573528289794922,0.6921760439872742,0.5577999949455261,1.1843328475952148,0.35010287165641785
student_resnet32_dkd_nckd,resnet32,dkd,motion_blur,4,0.4514999985694885,0.17675991356372833,2.464690923690796,0.7291830778121948,0.6277901530265808,0.5595999956130981,1.0187222957611084,0.36151114106178284
student_resnet32_scratch,resnet32,none,motion_blur,4,0.45820000767707825,0.2102600336074829,2.643601655960083,0.7495294213294983,0.6684280037879944,0.5115000009536743,1.4949692487716675,0.29006919264793396
student_wrn_16_2_dkd_nckd,wrn_16_2,dkd,motion_blur,4,0.4661000072956085,0.16449730098247528,2.396657705307007,0.7124009728431702,0.6305972933769226,0.5916000008583069,0.8772338628768921,0.3970450758934021
student_resnet32_dkd,resnet32,dkd,motion_blur,5,0.3871000111103058,0.27285218238830566,3.2329421043395996,0.8533244132995605,0.6599522233009338,0.5145000219345093,1.2849458456039429,0.35411953926086426
student_resnet32_dkd_nckd,resnet32,dkd,motion_blur,5,0.38690000772476196,0.20467513799667358,2.9420948028564453,0.8141061067581177,0.5915751457214355,0.5160999894142151,1.1118426322937012,0.35492730140686035
student_resnet32_scratch,resnet32,none,motion_blur,5,0.3878999948501587,0.2536761164665222,3.183130979537964,0.8448047637939453,0.6415761113166809,0.46320000290870667,1.6622971296310425,0.290306955575943
student_wrn_16_2_dkd_nckd,wrn_16_2,dkd,motion_blur,5,0.3950999975204468,0.20641496777534485,2.89970064163208,0.8065877556800842,0.6015149354934692,0.5478000044822693,0.9702931642532349,0.391760915517807
student_resnet32_dkd,resnet32,dkd,zoom_blur,1,0.6011000275611877,0.15771925449371338,1.6987121105194092,0.5606255531311035,0.7588192820549011,0.6639999747276306,0.8840515613555908,0.3731464147567749
student_resnet32_dkd_nckd,resnet32,dkd,zoom_blur,1,0.5985000133514404,0.09447796642780304,1.5991321802139282,0.547601044178009,0.6926010847091675,0.6665999889373779,0.770394504070282,0.38932326436042786
student_resnet32_scratch,resnet32,none,zoom_blur,1,0.5866000056266785,0.14345350861549377,1.7298085689544678,0.5723648071289062,0.7298935651779175,0.6241000294685364,1.0906422138214111,0.31571853160858154
student_wrn_16_2_dkd_nckd,wrn_16_2,dkd,zoom_blur,1,0.6137999892234802,0.08590087294578552,1.5064829587936401,0.5244648456573486,0.699500322341919,0.6899999976158142,0.6554935574531555,0.40657860040664673
student_resnet32_dkd,resnet32,dkd,zoom_blur,2,0.566100001335144,0.17503520846366882,1.9279793500900269,0.6151823401451111,0.740966260433197,0.6344000101089478,0.9739535450935364,0.3609279692173004
student_resnet32_dkd_nckd,resnet32,dkd,zoom_blur,2,0.5562000274658203,0.11575748771429062,1.8126024007797241,0.601469874382019,0.6716772317886353,0.638700008392334,0.8392240405082703,0.38559219241142273
student_resnet32_scratch,resnet32,none,zoom_blur,2,0.5440999865531921,0.16757293045520782,2.0041966438293457,0.6315873265266418,0.7115859985351562,0.5929999947547913,1.2021783590316772,0.3155067265033722
student_wrn_16_2_dkd_nckd,wrn_16_2,dkd,zoom_blur,2,0.5758000016212463,0.10286661237478256,1.7151689529418945,0.5761522650718689,0.6781820058822632,0.6575000286102295,0.7207596898078918,0.3919413983821869
student_resnet32_dkd,resnet32,dkd,zoom_blur,3,0.5005999803543091,0.2150852084159851,2.314847230911255,0.6990625262260437,0.715685248374939,0.5910999774932861,1.0916556119918823,0.36131617426872253
student_resnet32_dkd_nckd,resnet32,dkd,zoom_blur,3,0.49619999527931213,0.14570273458957672,2.1653800010681152,0.6767038106918335,0.6419028043746948,0.5943999886512756,0.9371350407600403,0.3746045231819153
student_resnet32_scratch,resnet32,none,zoom_blur,3,0.4848000109195709,0.20023861527442932,2.4071080684661865,0.711159348487854,0.6848036646842957,0.5400000214576721,1.3645527362823486,0.2999367117881775
student_wrn_16_2_dkd_nckd,wrn_16_2,dkd,zoom_blur,3,0.5101000070571899,0.14090245962142944,2.0591485500335693,0.6563640236854553,0.6507358551025391,0.6226999759674072,0.8058640956878662,0.4016030430793762
student_resnet32_dkd,resnet32,dkd,zoom_blur,4,0.45100000500679016,0.2466716468334198,2.715198516845703,0.7722793817520142,0.69767165184021,0.5586000084877014,1.1870251893997192,0.3597230017185211
student_resnet32_dkd_nckd,resnet32,dkd,zoom_blur,4,0.4404999911785126,0.1806778907775879,2.517289638519287,0.7422609329223633,0.6211779117584229,0.5586000084877014,1.0109962224960327,0.37001684308052063
student_resnet32_scratch,resnet32,none,zoom_blur,4,0.43220001459121704,0.23172536492347717,2.810502290725708,0.7801507115364075,0.6639253497123718,0.5037999749183655,1.4973737001419067,0.2977727949619293
student_wrn_16_2_dkd_nckd,wrn_16_2,dkd,zoom_blur,4,0.45669999718666077,0.17427116632461548,2.4126899242401123,0.7277341485023499,0.6309712529182434,0.5874000191688538,0.8691861033439636,0.39865243434906006
student_resnet32_dkd,resnet32,dkd,zoom_blur,5,0.38280001282691956,0.2879687547683716,3.292616367340088,0.8674619197845459,0.6707687377929688,0.521399974822998,1.2890400886535645,0.3646579682826996
student_resnet32_dkd_nckd,resnet32,dkd,zoom_blur,5,0.3792000114917755,0.21248693764209747,3.0348377227783203,0.8271543979644775,0.5916869044303894,0.5235999822616577,1.0949821472167969,0.36921823024749756
student_resnet32_scratch,resnet32,none,zoom_blur,5,0.3675000071525574,0.27008670568466187,3.377310037612915,0.8692904114723206,0.637586772441864,0.46149998903274536,1.642832636833191,0.2960911989212036
student_wrn_16_2_dkd_nckd,wrn_16_2,dkd,zoom_blur,5,0.38519999384880066,0.21917250752449036,2.9366042613983154,0.8194719552993774,0.604372501373291,0.5561000108718872,0.9355987310409546,0.40684038400650024
student_resnet32_dkd,resnet32,dkd,snow,1,0.6452999711036682,0.13374586403369904,1.4401614665985107,0.5016921162605286,0.7790458798408508,0.6815000176429749,0.8480628132820129,0.3510481119155884
student_resnet32_dkd_nckd,resnet32,dkd,snow,1,0.6392999887466431,0.07706523686647415,1.373863935470581,0.4959956407546997,0.7153470516204834,0.683899998664856,0.7357993125915527,0.36935341358184814
student_resnet32_scratch,resnet32,none,snow,1,0.6098999977111816,0.1308363378047943,1.5752911567687988,0.5378062725067139,0.74073326587677,0.6345999836921692,1.0855929851531982,0.30410394072532654
student_wrn_16_2_dkd_nckd,wrn_16_2,dkd,snow,1,0.6518999934196472,0.0691080242395401,1.3096591234207153,0.47367197275161743,0.7207916378974915,0.7038999795913696,0.6300768852233887,0.3882491886615753
student_resnet32_dkd,resnet32,dkd,snow,2,0.4846000075340271,0.22843247652053833,2.492154836654663,0.7341004014015198,0.7130324840545654,0.5742999911308289,1.155228614807129,0.3597208261489868
student_resnet32_dkd_nckd,resnet32,dkd,snow,2,0.46650001406669617,0.17306967079639435,2.3435633182525635,0.7174351811408997,0.6395696401596069,0.5785999894142151,0.976036012172699,0.37986043095588684
student_resnet32_scratch,resnet32,none,snow,2,0.4447000026702881,0.2379496693611145,2.705256462097168,0.770376443862915,0.6826497316360474,0.5160999894142151,1.5245057344436646,0.3062811493873596
student_wrn_16_2_dkd_nckd,wrn_16_2,dkd,snow,2,0.48159998655319214,0.15868902206420898,2.250884771347046,0.6990296840667725,0.6402890682220459,0.597000002861023,0.8738229274749756,0.39521434903144836
student_resnet32_dkd,resnet32,dkd,snow,3,0.539900004863739,0.1895672082901001,2.0610735416412354,0.6466054916381836,0.7294672131538391,0.599399983882904,1.0820406675338745,0.33862316608428955
student_resnet32_dkd_nckd,resnet32,dkd,snow,3,0.5264999866485596,0.12827248871326447,1.944706678390503,0.6319936513900757,0.6547725200653076,0.6021999716758728,0.9074327349662781,0.3531515300273895
student_resnet32_scratch,resnet32,none,snow,3,0.504800021648407,0.1873481273651123,2.257265329360962,0.6828362941741943,0.6921481490135193,0.5415999889373779,1.396600604057312,0.2782744765281677
student_wrn_16_2_dkd_nckd,wrn_16_2,dkd,snow,3,0.5400999784469604,0.11671648919582367,1.882250189781189,0.6154518723487854,0.6568164825439453,0.6223999857902527,0.8006060719490051,0.37818506360054016
student_resnet32_dkd,resnet32,dkd,snow,4,0.5157999992370605,0.19635009765625,2.2473785877227783,0.6822659373283386,0.7121500968933105,0.5856000185012817,1.1170774698257446,0.3393608033657074
student_resnet32_dkd_nckd,resnet32,dkd,snow,4,0.4993000030517578,0.1405191719532013,2.1253695487976074,0.6733147501945496,0.6398192644119263,0.5778999924659729,0.9602335691452026,0.3467199206352234
student_resnet32_scratch,resnet32,none,snow,4,0.4771000146865845,0.20175769925117493,2.4239776134490967,0.7197160124778748,0.678857684135437,0.5253000259399414,1.4446382522583008,0.2842724919319153
student_wrn_16_2_dkd_nckd,wrn_16_2,dkd,snow,4,0.5098999738693237,0.12860777974128723,2.0610666275024414,0.6543973684310913,0.6385077834129333,0.6079000234603882,0.8371401429176331,0.38330531120300293
student_resnet32_dkd,resnet32,dkd,snow,5,0.43529999256134033,0.24873042106628418,2.823784828186035,0.7977622151374817,0.6839161515235901,0.5468000173568726,1.2180554866790771,0.3613217771053314
student_resnet32_dkd_nckd,resnet32,dkd,snow,5,0.4172999858856201,0.1927512288093567,2.6496222019195557,0.7784149050712585,0.6100512146949768,0.5494999885559082,1.0271317958831787,0.38389310240745544
student_resnet32_scratch,resnet32,none,snow,5,0.4129999876022339,0.24760010838508606,2.9846582412719727,0.8157505393028259,0.6606001257896423,0.48840001225471497,1.586045742034912,0.3001083433628082
student_wrn_16_2_dkd_nckd,wrn_16_2,dkd,snow,5,0.4262999892234802,0.17511580884456635,2.577378749847412,0.7618293166160583,0.601415753364563,0.5741999745368958,0.9121883511543274,0.40863126516342163
student_resnet32_dkd,resnet32,dkd,frost,1,0.6168000102043152,0.1497620940208435,1.663209319114685,0.5468618273735046,0.7665606737136841,0.6736999750137329,0.8684701323509216,0.3768392503261566
student_resnet32_dkd_nckd,resnet32,dkd,frost,1,0.5935999751091003,0.10162383317947388,1.613264799118042,0.5507723689079285,0.6951092481613159,0.6656000018119812,0.7602512240409851,0.3926430642604828
student_resnet32_scratch,resnet32,none,frost,1,0.5986999869346619,0.13884514570236206,1.7037353515625,0.5603055357933044,0.7373650670051575,0.6269999742507935,1.118835687637329,0.31089916825294495
student_wrn_16_2_dkd_nckd,wrn_16_2,dkd,frost,1,0.6129999756813049,0.0877617597579956,1.5278562307357788,0.5239288806915283,0.700173020362854,0.6845999956130981,0.6528143286705017,0.40871936082839966
student_resnet32_dkd,resnet32,dkd,frost,2,0.5347999930381775,0.1973252296447754,2.2111141681671143,0.6689292192459106,0.7321252226829529,0.6175000071525574,1.0260028839111328,0.37749505043029785
student_resnet32_dkd_nckd,resnet32,dkd,frost,2,0.508899986743927,0.14649759232997894,2.1212401390075684,0.6683086156845093,0.6553976535797119,0.6075999736785889,0.894991397857666,0.39241060614585876
student_resnet32_scratch,resnet32,none,frost,2,0.5095000267028809,0.1907472312450409,2.2548656463623047,0.682502806186676,0.7002472877502441,0.5618000030517578,1.3207892179489136,0.3167361319065094
student_wrn_16_2_dkd_nckd,wrn_16_2,dkd,frost,2,0.529699981212616,0.12541519105434418,1.9996634721755981,0.6383798718452454,0.6549566388130188,0.6317999958992004,0.7780559062957764,0.40798419713974
student_resnet32_dkd,resnet32,dkd,frost,3,0.41999998688697815,0.2796321511268616,3.11126446723938,0.8429357409477234,0.6996321082115173,0.5482000112533569,1.2443015575408936,0.3825964331626892
student_resnet32_dkd_nckd,resnet32,dkd,frost,3,0.3952000141143799,0.22640669345855713,2.925466775894165,0.829098641872406,0.6213067770004272,0.5482000112533569,1.0431758165359497,0.4039105176925659
student_resnet32_scratch,resnet32,none,frost,3,0.39309999346733093,0.2700667381286621,3.1117236614227295,0.8439285159111023,0.6631667613983154,0.4903999865055084,1.5371378660202026,0.32957547903060913
student_wrn_16_2_dkd_nckd,wrn_16_2,dkd,frost,3,0.4172999858856201,0.1976795792579651,2.721834897994995,0.789671778678894,0.6149795651435852,0.5802000164985657,0.8981758952140808,0.43385592103004456
student_resnet32_dkd,resnet32,dkd,frost,4,0.39719998836517334,0.3047311305999756,3.359647274017334,0.8790917992591858,0.7019311189651489,0.5415999889373779,1.2804547548294067,0.38678762316703796
student_resnet32_dkd_nckd,resnet32,dkd,frost,4,0.37940001487731934,0.2422831952571869,3.121330976486206,0.8523252010345459,0.6214469075202942,0.5483999848365784,1.0555355548858643,0.4129727780818939
student_resnet32_scratch,resnet32,none,frost,4,0.37950000166893005,0.28490200638771057,3.320111036300659,0.8725876212120056,0.6644020080566406,0.4862000048160553,1.557713508605957,0.3294540345668793
student_wrn_16_2_dkd_nckd,wrn_16_2,dkd,frost,4,0.40529999136924744,0.20905619859695435,2.8965420722961426,0.8146468997001648,0.6138067841529846,0.571399986743927,0.9210447072982788,0.4240972101688385
student_resnet32_dkd,resnet32,dkd,frost,5,0.31049999594688416,0.38369613885879517,4.37224817276001,1.0307141542434692,0.6941961646080017,0.510699987411499,1.4430168867111206,0.406862735748291
student_resnet32_dkd_nckd,resnet32,dkd,frost,5,0.28870001435279846,0.3177858889102936,3.9271695613861084,0.9893862009048462,0.6062322854995728,0.5220999717712402,1.123787522315979,0.43983957171440125
student_resnet32_scratch,resnet32,none,frost,5,0.29100000858306885,0.3574942946434021,4.250227928161621,1.0142573118209839,0.648494303226471,0.45399999618530273,1.6720441579818726,0.35249555110931396
student_wrn_16_2_dkd_nckd,wrn_16_2,dkd,frost,5,0.31130000948905945,0.28669145703315735,3.665053606033325,0.9476333260536194,0.597991406917572,0.5410000085830688,0.9853676557540894,0.44800952076911926
student_resnet32_dkd,resnet32,dkd,fog,1,0.7159000039100647,0.10449209809303284,1.104096531867981,0.406034380197525,0.8203920722007751,0.7562999725341797,0.6265308260917664,0.4013470709323883
student_resnet32_dkd_nckd,resnet32,dkd,fog,1,0.7102000117301941,0.05769271031022072,1.0486948490142822,0.40119847655296326,0.7673274874687195,0.7562000155448914,0.5586139559745789,0.41600632667541504
student_resnet32_scratch,resnet32,none,fog,1,0.7027999758720398,0.08928494155406952,1.1267718076705933,0.4159797728061676,0.7919508218765259,0.7258999943733215,0.782528281211853,0.33993661403656006
student_wrn_16_2_dkd_nckd,wrn_16_2,dkd,fog,1,0.7253999710083008,0.047409676015377045,0.989245593547821,0.3784327507019043,0.7725056409835815,0.774399995803833,0.47218573093414307,0.4274960458278656
student_resnet32_dkd,resnet32,dkd,fog,2,0.6800000071525574,0.12365212291479111,1.2749269008636475,0.454787939786911,0.8036229610443115,0.7310000061988831,0.7004112601280212,0.4066968858242035
student_resnet32_dkd_nckd,resnet32,dkd,fog,2,0.6740999817848206,0.07171635329723358,1.2125349044799805,0.4489399492740631,0.7458162903785706,0.7265999913215637,0.6220875382423401,0.40739449858665466
student_resnet32_scratch,resnet32,none,fog,2,0.6646000146865845,0.10714531689882278,1.3137290477752686,0.4703807532787323,0.771704912185669,0.6933000087738037,0.8860955834388733,0.3397279381752014
student_wrn_16_2_dkd_nckd,wrn_16_2,dkd,fog,2,0.6895999908447266,0.05980391055345535,1.143907904624939,0.42706215381622314,0.7494038939476013,0.7493000030517578,0.527052640914917,0.429717481136322
student_resnet32_dkd,resnet32,dkd,fog,3,0.6378999948501587,0.14541560411453247,1.4905365705490112,0.5124050974845886,0.7833155393600464,0.697700023651123,0.7843972444534302,0.3985441327095032
student_resnet32_dkd_nckd,resnet32,dkd,fog,3,0.6283000111579895,0.0935787633061409,1.4304386377334595,0.5077221989631653,0.7213305830955505,0.6951000094413757,0.6876018047332764,0.4058234691619873
student_resnet32_scratch,resnet32,none,fog,3,0.6146000027656555,0.13324235379695892,1.5503326654434204,0.5316927433013916,0.747791588306427,0.6565999984741211,0.9854828119277954,0.34152260422706604
student_wrn_16_2_dkd_nckd,wrn_16_2,dkd,fog,3,0.6485000252723694,0.07658638060092926,1.3482344150543213,0.48241010308265686,0.7243994474411011,0.7242000102996826,0.5901532173156738,0.43797391653060913
student_resnet32_dkd,resnet32,dkd,fog,4,0.5717999935150146,0.17972901463508606,1.8682782649993896,0.6033547520637512,0.7515290975570679,0.6402999758720398,0.9392412304878235,0.3666750490665436
student_resnet32_dkd_nckd,resnet32,dkd,fog,4,0.5576000213623047,0.12826582789421082,1.7940324544906616,0.5989695191383362,0.6858658790588379,0.6431999802589417,0.8184673190116882,0.3953254520893097
student_resnet32_scratch,resnet32,none,fog,4,0.541700005531311,0.17178001999855042,1.962648868560791,0.6332374811172485,0.7134363651275635,0.5881999731063843,1.1743524074554443,0.31565719842910767
student_wrn_16_2_dkd_nckd,wrn_16_2,dkd,fog,4,0.5727999806404114,0.1120910570025444,1.708010196685791,0.5754676461219788,0.6848911046981812,0.6675999760627747,0.7038830518722534,0.41241517663002014
student_resnet32_dkd,resnet32,dkd,fog,5,0.36230000853538513,0.31879284977912903,3.618783950805664,0.9173144698143005,0.6810927987098694,0.5149000287055969,1.352142333984375,0.37141937017440796
student_resnet32_dkd_nckd,resnet32,dkd,fog,5,0.33379998803138733,0.2666041851043701,3.460740327835083,0.9074913263320923,0.6004040837287903,0.5171999931335449,1.1283056735992432,0.39571934938430786
student_resnet32_scratch,resnet32,none,fog,5,0.3107999861240387,0.329232394695282,3.846238613128662,0.9606947302818298,0.6400181651115417,0.45489999651908875,1.6135495901107788,0.33408433198928833
student_wrn_16_2_dkd_nckd,wrn_16_2,dkd,fog,5,0.3449000120162964,0.2510046660900116,3.2998852729797363,0.8852494359016418,0.5959047079086304,0.5432999730110168,0.9616491198539734,0.4221113622188568
student_resnet32_dkd,resnet32,dkd,brightness,1,0.7275000214576721,0.0957564115524292,1.0651352405548096,0.39302656054496765,0.8232564330101013,0.7609999775886536,0.6092365980148315,0.3905349671840668
student_resnet32_dkd_nckd,resnet32,dkd,brightness,1,0.7196000218391418,0.05258016288280487,1.0076709985733032,0.3882131576538086,0.7697669267654419,0.761900007724762,0.5469567179679871,0.4156378507614136
student_resnet32_scratch,resnet32,none,brightness,1,0.7117999792098999,0.08251666277647018,1.0939610004425049,0.4053693115711212,0.7943165898323059,0.7325000166893005,0.7682580947875977,0.3427983522415161
student_wrn_16_2_dkd_nckd,wrn_16_2,dkd,brightness,1,0.7315999865531921,0.044868916273117065,0.9591900110244751,0.3694741427898407,0.7760912179946899,0.77920001745224,0.4649161696434021,0.43127572536468506
student_resnet32_dkd,resnet32,dkd,brightness,2,0.7178000211715698,0.1004766970872879,1.095797061920166,0.40080827474594116,0.8182767629623413,0.7538999915122986,0.6350022554397583,0.38979026675224304
student_resnet32_dkd_nckd,resnet32,dkd,brightness,2,0.7110999822616577,0.051223937422037125,1.0436580181121826,0.39914020895957947,0.7620317339897156,0.7520999908447266,0.5698481202125549,0.40443214774131775
student_resnet32_scratch,resnet32,none,brightness,2,0.7003999948501587,0.08794140070676804,1.1402158737182617,0.4189082086086273,0.7883080840110779,0.7215999960899353,0.8030456304550171,0.33834585547447205
student_wrn_16_2_dkd_nckd,wrn_16_2,dkd,brightness,2,0.724399983882904,0.04477910324931145,0.9934276342391968,0.37934625148773193,0.7682301998138428,0.7692999839782715,0.48204249143600464,0.4230312705039978
student_resnet32_dkd,resnet32,dkd,brightness,3,0.70660001039505,0.10357347875833511,1.1601496934890747,0.4195849597454071,0.8099318742752075,0.744700014591217,0.6751518845558167,0.3909996449947357
student_resnet32_dkd_nckd,resnet32,dkd,brightness,3,0.6966999769210815,0.05474567413330078,1.113045573234558,0.41987666487693787,0.749680757522583,0.739300012588501,0.5986045002937317,0.40686094760894775
student_resnet32_scratch,resnet32,none,brightness,3,0.6830999851226807,0.09577726572751999,1.2166147232055664,0.4402182996273041,0.7788227796554565,0.7075999975204468,0.8525105714797974,0.34489119052886963
student_wrn_16_2_dkd_nckd,wrn_16_2,dkd,brightness,3,0.708299994468689,0.04761507734656334,1.0569517612457275,0.39919915795326233,0.7558228373527527,0.7569000124931335,0.5085598826408386,0.4264109134674072
student_resnet32_dkd,resnet32,dkd,brightness,4,0.6847000122070312,0.11321042478084564,1.258997917175293,0.44858428835868835,0.7979104518890381,0.7235999703407288,0.7311069369316101,0.3815028965473175
student_resnet32_dkd_nckd,resnet32,dkd,brightness,4,0.6718999743461609,0.06260932981967926,1.2108957767486572,0.4492245614528656,0.7334910035133362,0.7141000032424927,0.643899142742157,0.38762325048446655
student_resnet32_scratch,resnet32,none,brightness,4,0.6593000292778015,0.10746890306472778,1.3208070993423462,0.47040462493896484,0.7666603922843933,0.6820999979972839,0.917464554309845,0.33458006381988525
student_wrn_16_2_dkd_nckd,wrn_16_2,dkd,brightness,4,0.6854000091552734,0.05455543100833893,1.153286337852478,0.42822352051734924,0.739955484867096,0.7386000156402588,0.5495128035545349,0.41754505038261414
student_resnet32_dkd,resnet32,dkd,brightness,5,0.6225000023841858,0.1454928070306778,1.5590379238128662,0.5307139158248901,0.7677475214004517,0.6726999878883362,0.8570092916488647,0.37051570415496826
student_resnet32_dkd_nckd,resnet32,dkd,brightness,5,0.611299991607666,0.08479185402393341,1.5092500448226929,0.5283685326576233,0.6958393454551697,0.6729000210762024,0.7454723715782166,0.39069506525993347
student_resnet32_scratch,resnet32,none,brightness,5,0.6015999913215637,0.13352100551128387,1.6278983354568481,0.5528963804244995,0.7348096370697021,0.633400022983551,1.0811980962753296,0.3225896954536438
student_wrn_16_2_dkd_nckd,wrn_16_2,dkd,brightness,5,0.6309999823570251,0.06932152062654495,1.4372053146362305,0.506155252456665,0.6999468207359314,0.6937000155448914,0.6475988030433655,0.4038677215576172
student_resnet32_dkd,resnet32,dkd,contrast,1,0.7080000042915344,0.11129532754421234,1.1412055492401123,0.41895565390586853,0.8191370368003845,0.7487999796867371,0.6396247148513794,0.3987465798854828
student_resnet32_dkd_nckd,resnet32,dkd,contrast,1,0.7026000022888184,0.06153563782572746,1.0842838287353516,0.41218945384025574,0.7641357183456421,0.7505999803543091,0.5700458288192749,0.4183313846588135
student_resnet32_scratch,resnet32,none,contrast,1,0.695900022983551,0.09359654784202576,1.1629174947738647,0.4268122613430023,0.7894323468208313,0.7215999960899353,0.7943742275238037,0.3439091145992279
student_wrn_16_2_dkd_nckd,wrn_16_2,dkd,contrast,1,0.7188000082969666,0.05058079585433006,1.0183767080307007,0.3894270360469818,0.7693808078765869,0.76910001039505,0.4787188470363617,0.42577359080314636
student_resnet32_dkd,resnet32,dkd,contrast,2,0.630299985408783,0.15254664421081543,1.5167540311813354,0.523560643196106,0.7826035618782043,0.6952999830245972,0.7974447011947632,0.4015916883945465
student_resnet32_dkd_nckd,resnet32,dkd,contrast,2,0.6251999735832214,0.09476214647293091,1.440946340560913,0.5138348340988159,0.7197458744049072,0.6966999769210815,0.6916848421096802,0.41750842332839966
student_resnet32_scratch,resnet32,none,contrast,2,0.6100999712944031,0.13832791149616241,1.59554123878479,0.5453332662582397,0.7484279870986938,0.6523000001907349,0.9917113184928894,0.34251606464385986
student_wrn_16_2_dkd_nckd,wrn_16_2,dkd,contrast,2,0.640500009059906,0.08342020213603973,1.3522440195083618,0.4908895492553711,0.7235451936721802,0.7214000225067139,0.587654173374176,0.4429139792919159
student_resnet32_dkd,resnet32,dkd,contrast,3,0.5630000233650208,0.18734630942344666,1.8993645906448364,0.6175580620765686,0.750346302986145,0.6463000178337097,0.9287068247795105,0.3968173861503601
student_resnet32_dkd_nckd,resnet32,dkd,contrast,3,0.5536999702453613,0.12996934354305267,1.803495168685913,0.6095104217529297,0.6828364133834839,0.6470000147819519,0.8059502840042114,0.41070976853370667
student_resnet32_scratch,resnet32,none,contrast,3,0.5295000076293945,0.18402394652366638,2.038515329360962,0.652054488658905,0.7134664058685303,0.5927000045776367,1.1735906600952148,0.3404900133609772
student_wrn_16_2_dkd_nckd,wrn_16_2,dkd,contrast,3,0.5679000020027161,0.11730649322271347,1.7046170234680176,0.5862804651260376,0.6848489046096802,0.6718999743461609,0.688793957233429,0.43546348810195923
student_resnet32_dkd,resnet32,dkd,contrast,4,0.45010000467300415,0.2525140047073364,2.619381904602051,0.7775911688804626,0.7026140093803406,0.5785999894142151,1.0871137380599976,0.40008002519607544
student_resnet32_dkd_nckd,resnet32,dkd,contrast,4,0.43639999628067017,0.1933887004852295,2.4800615310668945,0.7653626203536987,0.6297886967658997,0.5799000263214111,0.9546530246734619,0.4162832498550415
student_resnet32_scratch,resnet32,none,contrast,4,0.40790000557899475,0.26476335525512695,2.866319179534912,0.8241092562675476,0.6726633310317993,0.5174999833106995,1.4161359071731567,0.34666934609413147
student_wrn_16_2_dkd_nckd,wrn_16_2,dkd,contrast,4,0.4471000134944916,0.18586358428001404,2.386061191558838,0.74532151222229,0.6329635977745056,0.6105999946594238,0.8255272507667542,0.4464893043041229
student_resnet32_dkd,resnet32,dkd,contrast,5,0.17640000581741333,0.4509262442588806,5.192752838134766,1.1812986135482788,0.627326250076294,0.46889999508857727,1.357845664024353,0.42426565289497375
student_resnet32_dkd_nckd,resnet32,dkd,contrast,5,0.17649999260902405,0.3600711226463318,4.67413854598999,1.094465970993042,0.5365710854530334,0.4681999981403351,1.154473900794983,0.42388251423835754
student_resnet32_scratch,resnet32,none,contrast,5,0.17139999568462372,0.43141889572143555,5.484908580780029,1.1674189567565918,0.6028189063072205,0.4041000008583069,1.7359083890914917,0.356704980134964
student_wrn_16_2_dkd_nckd,wrn_16_2,dkd,contrast,5,0.18469999730587006,0.35228946805000305,4.646047115325928,1.0817841291427612,0.5369894504547119,0.5163000226020813,0.9539299607276917,0.4703703820705414
student_resnet32_dkd,resnet32,dkd,elastic_transform,1,0.6298999786376953,0.14316067099571228,1.5380234718322754,0.5263387560844421,0.7730607390403748,0.6873000264167786,0.8219785094261169,0.3823443353176117
student_resnet32_dkd_nckd,resnet32,dkd,elastic_transform,1,0.6223999857902527,0.08715832233428955,1.4356274604797363,0.5098889470100403,0.709558367729187,0.6840000152587891,0.7037685513496399,0.38614439964294434
student_resnet32_scratch,resnet32,none,elastic_transform,1,0.6098999977111816,0.12831462919712067,1.5881282091140747,0.5372923612594604,0.7382146716117859,0.6445000171661377,1.0356205701828003,0.32563579082489014
student_wrn_16_2_dkd_nckd,wrn_16_2,dkd,elastic_transform,1,0.6377999782562256,0.07599765062332153,1.367476224899292,0.49144941568374634,0.7132272720336914,0.7088000178337097,0.6109344959259033,0.41771411895751953
student_resnet32_dkd,resnet32,dkd,elastic_transform,2,0.6315000057220459,0.1423017382621765,1.5356721878051758,0.525277853012085,0.7738018035888672,0.6809999942779541,0.8420896530151367,0.3644264340400696
student_resnet32_dkd_nckd,resnet32,dkd,elastic_transform,2,0.6241000294685364,0.08474165946245193,1.4368256330490112,0.513588547706604,0.7085835933685303,0.678600013256073,0.7226585745811462,0.37833139300346375
student_resnet32_scratch,resnet32,none,elastic_transform,2,0.6051999926567078,0.13311082124710083,1.6004694700241089,0.5441774129867554,0.7382457256317139,0.6428999900817871,1.038346290588379,0.3247392773628235
student_wrn_16_2_dkd_nckd,wrn_16_2,dkd,elastic_transform,2,0.6383000016212463,0.07667601108551025,1.3717005252838135,0.49475282430648804,0.7146607637405396,0.7034000158309937,0.6183194518089294,0.40730011463165283
student_resnet32_dkd,resnet32,dkd,elastic_transform,3,0.5677000284194946,0.17416973412036896,1.8649064302444458,0.6047490835189819,0.7417348027229309,0.6406000256538391,0.9687740206718445,0.3689199388027191
student_resnet32_dkd_nckd,resnet32,dkd,elastic_transform,3,0.5631999969482422,0.11415756493806839,1.7425390481948853,0.5860814452171326,0.6771211624145508,0.6363000273704529,0.8308757543563843,0.3739086985588074
student_resnet32_scratch,resnet32,none,elastic_transform,3,0.5526000261306763,0.1590731292963028,1.951972484588623,0.6222391724586487,0.7116731405258179,0.5902000069618225,1.2116296291351318,0.30182090401649475
student_wrn_16_2_dkd_nckd,wrn_16_2,dkd,elastic_transform,3,0.5794000029563904,0.10193309187889099,1.6626964807510376,0.564949095249176,0.6813331246376038,0.664900004863739,0.7193626165390015,0.4023447334766388
student_resnet32_dkd,resnet32,dkd,elastic_transform,4,0.5041999816894531,0.2023540884256363,2.224882125854492,0.6915680766105652,0.706166684627533,0.5784000158309937,1.1237660646438599,0.34759247303009033
student_resnet32_dkd_nckd,resnet32,dkd,elastic_transform,4,0.4984000027179718,0.1374531388282776,2.0919954776763916,0.669203519821167,0.635853111743927,0.5845000147819519,0.957346498966217,0.3622649312019348
student_resnet32_scratch,resnet32,none,elastic_transform,4,0.4869999885559082,0.1905650794506073,2.3159916400909424,0.705891489982605,0.6775650382041931,0.5254999995231628,1.4219579696655273,0.2876627445220947
student_wrn_16_2_dkd_nckd,wrn_16_2,dkd,elastic_transform,4,0.5091000199317932,0.13116753101348877,2.009390115737915,0.653213620185852,0.6402278542518616,0.6096000075340271,0.8403677940368652,0.3924364447593689
student_resnet32_dkd,resnet32,dkd,elastic_transform,5,0.43939998745918274,0.24414150416851044,2.755131483078003,0.7865151166915894,0.683541476726532,0.538100004196167,1.2665636539459229,0.351679265499115
student_resnet32_dkd_nckd,resnet32,dkd,elastic_transform,5,0.42500001192092896,0.1867881715297699,2.5757226943969727,0.7670868039131165,0.6117882132530212,0.5360999703407288,1.0837491750717163,0.3571302890777588
student_resnet32_scratch,resnet32,none,elastic_transform,5,0.4189999997615814,0.23299720883369446,2.7531962394714355,0.79185950756073,0.6519972681999207,0.4715000092983246,1.6260310411453247,0.28046420216560364
student_wrn_16_2_dkd_nckd,wrn_16_2,dkd,elastic_transform,5,0.43160000443458557,0.17649716138839722,2.514219284057617,0.7556242942810059,0.6080380082130432,0.5587999820709229,0.9411798715591431,0.38333040475845337
student_resnet32_dkd,resnet32,dkd,pixelate,1,0.6732000112533569,0.12258972227573395,1.3153077363967896,0.46229463815689087,0.7957896590232849,0.7131999731063843,0.7507007122039795,0.37291595339775085
student_resnet32_dkd_nckd,resnet32,dkd,pixelate,1,0.6764000058174133,0.06161549314856529,1.2189650535583496,0.44776099920272827,0.7370087504386902,0.7141000032424927,0.6519966125488281,0.37631848454475403
student_resnet32_scratch,resnet32,none,pixelate,1,0.6459000110626221,0.11462797969579697,1.4043291807174683,0.4877152442932129,0.760528028011322,0.6700000166893005,0.9513949155807495,0.3109901249408722
student_wrn_16_2_dkd_nckd,wrn_16_2,dkd,pixelate,1,0.6895999908447266,0.05344817042350769,1.1532773971557617,0.42558345198631287,0.7430481910705566,0.7409999966621399,0.5541301369667053,0.4055801331996918
student_resnet32_dkd,resnet32,dkd,pixelate,2,0.5788000226020813,0.1747608482837677,1.8550536632537842,0.592115044593811,0.7535607814788818,0.6473000049591064,0.9249334931373596,0.37356919050216675
student_resnet32_dkd_nckd,resnet32,dkd,pixelate,2,0.57669997215271,0.10912559926509857,1.700708031654358,0.5705394744873047,0.6858255863189697,0.6535000205039978,0.7857365012168884,0.38865765929222107
student_resnet32_scratch,resnet32,none,pixelate,2,0.5360000133514404,0.1770593225955963,2.085657835006714,0.6431323289871216,0.7130593061447144,0.5903000235557556,1.2014036178588867,0.3176378905773163
student_wrn_16_2_dkd_nckd,wrn_16_2,dkd,pixelate,2,0.5982000231742859,0.0903199091553688,1.5931369066238403,0.5423861742019653,0.6884740591049194,0.675599992275238,0.6756258010864258,0.40192508697509766
student_resnet32_dkd,resnet32,dkd,pixelate,3,0.51910001039505,0.21283745765686035,2.2856926918029785,0.6809337139129639,0.7319374084472656,0.6146000027656555,1.020837664604187,0.3831094801425934
student_resnet32_dkd_nckd,resnet32,dkd,pixelate,3,0.5164999961853027,0.1379053145647049,2.0639071464538574,0.6492499709129333,0.6544053554534912,0.6054999828338623,0.8726222515106201,0.37058958411216736
student_resnet32_scratch,resnet32,none,pixelate,3,0.4729999899864197,0.21940606832504272,2.547295570373535,0.7276009917259216,0.6924060583114624,0.5483999848365784,1.3257702589035034,0.3191440999507904
student_wrn_16_2_dkd_nckd,wrn_16_2,dkd,pixelate,3,0.5394999980926514,0.11792928725481033,1.9330917596817017,0.6179616451263428,0.6572315096855164,0.6365000009536743,0.7512151002883911,0.3944912254810333
student_resnet32_dkd,resnet32,dkd,pixelate,4,0.3472000062465668,0.3441084325313568,3.8796207904815674,0.9483228325843811,0.6913083791732788,0.5322999954223633,1.255751609802246,0.4042796492576599
student_resnet32_dkd_nckd,resnet32,dkd,pixelate,4,0.3368000090122223,0.2588975727558136,3.366135835647583,0.8927851319313049,0.5956975817680359,0.5300999879837036,1.0408132076263428,0.41391703486442566
student_resnet32_scratch,resnet32,none,pixelate,4,0.28850001096725464,0.3656277358531952,4.471376419067383,1.016718864440918,0.6541277766227722,0.45680001378059387,1.6434900760650635,0.358216255903244
student_wrn_16_2_dkd_nckd,wrn_16_2,dkd,pixelate,4,0.34310001134872437,0.24973765015602112,3.2917497158050537,0.8814945220947266,0.5926509499549866,0.5548999905586243,0.903725266456604,0.4382554590702057
student_resnet32_dkd,resnet32,dkd,pixelate,5,0.20190000534057617,0.4816765785217285,5.766060829162598,1.198769211769104,0.6833495497703552,0.5001000165939331,1.3788937330245972,0.4453083872795105
student_resnet32_dkd_nckd,resnet32,dkd,pixelate,5,0.19519999623298645,0.37656229734420776,4.7452545166015625,1.0963342189788818,0.5717623233795166,0.4959000051021576,1.107075810432434,0.4488666355609894
student_resnet32_scratch,resnet32,none,pixelate,5,0.1665000021457672,0.47301623225212097,6.422651767730713,1.210534930229187,0.6393616199493408,0.427700012922287,1.7275738716125488,0.38574063777923584
student_wrn_16_2_dkd_nckd,wrn_16_2,dkd,pixelate,5,0.210099995136261,0.3717198073863983,4.576651096343994,1.0827410221099854,0.5818198323249817,0.5299999713897705,0.9502729773521423,0.47720083594322205
student_resnet32_dkd,resnet32,dkd,jpeg_compression,1,0.5738000273704529,0.16898879408836365,1.846641182899475,0.6003401875495911,0.7427887916564941,0.6223999857902527,1.0150662660598755,0.34111931920051575
student_resnet32_dkd_nckd,resnet32,dkd,jpeg_compression,1,0.565500020980835,0.10556115955114365,1.7225635051727295,0.585274875164032,0.6702126264572144,0.6287000179290771,0.8563746809959412,0.36702126264572144
student_resnet32_scratch,resnet32,none,jpeg_compression,1,0.5501999855041504,0.1552305817604065,1.9207059144973755,0.6223292946815491,0.7054306268692017,0.5733000040054321,1.2824448347091675,0.28746530413627625
student_wrn_16_2_dkd_nckd,wrn_16_2,dkd,jpeg_compression,1,0.569599986076355,0.09798803925514221,1.6969704627990723,0.5760434865951538,0.6672996878623962,0.6523000001907349,0.7529709339141846,0.39824235439300537
student_resnet32_dkd,resnet32,dkd,jpeg_compression,2,0.5008000135421753,0.1980917900800705,2.2367451190948486,0.6921404600143433,0.698891818523407,0.5580999851226807,1.1974408626556396,0.3178233504295349
student_resnet32_dkd_nckd,resnet32,dkd,jpeg_compression,2,0.48579999804496765,0.13932527601718903,2.0850415229797363,0.6741342544555664,0.6251252889633179,0.5600000023841858,1.01590096950531,0.34029969573020935
student_resnet32_scratch,resnet32,none,jpeg_compression,2,0.4650999903678894,0.19425305724143982,2.3879783153533936,0.7232741713523865,0.6593530178070068,0.49709999561309814,1.5510224103927612,0.261238157749176
student_wrn_16_2_dkd_nckd,wrn_16_2,dkd,jpeg_compression,2,0.4966999888420105,0.12532773613929749,2.05903697013855,0.6635607481002808,0.6220277547836304,0.5842000246047974,0.8917748928070068,0.35962146520614624
student_resnet32_dkd,resnet32,dkd,jpeg_compression,3,0.4763000011444092,0.2055198699235916,2.3784115314483643,0.7234327793121338,0.6818198561668396,0.5422000288963318,1.2413195371627808,0.3195934593677521
student_resnet32_dkd_nckd,resnet32,dkd,jpeg_compression,3,0.4666000008583069,0.14512576162815094,2.2291862964630127,0.7028319835662842,0.6117258071899414,0.5461999773979187,1.052916407585144,0.33766233921051025
student_resnet32_scratch,resnet32,none,jpeg_compression,3,0.4381999969482422,0.2108231484889984,2.5822184085845947,0.7603349685668945,0.6490231156349182,0.4796999990940094,1.6282137632369995,0.2644456923007965
student_wrn_16_2_dkd_nckd,wrn_16_2,dkd,jpeg_compression,3,0.4731000065803528,0.13415703177452087,2.1857450008392334,0.6919745802879333,0.6072569489479065,0.5655999779701233,0.9299989938735962,0.3529079556465149
student_resnet32_dkd,resnet32,dkd,jpeg_compression,4,0.45019999146461487,0.21612253785133362,2.5306315422058105,0.7562780976295471,0.6663225293159485,0.5189999938011169,1.304418921470642,0.31112685799598694
student_resnet32_dkd_nckd,resnet32,dkd,jpeg_compression,4,0.4426000118255615,0.15472249686717987,2.3773555755615234,0.7324063181877136,0.5973225235939026,0.529699981212616,1.1041213274002075,0.33203402161598206
student_resnet32_scratch,resnet32,none,jpeg_compression,4,0.4068000018596649,0.22584488987922668,2.7862205505371094,0.8014014959335327,0.6326448917388916,0.4505999982357025,1.7133105993270874,0.25549256801605225
student_wrn_16_2_dkd_nckd,wrn_16_2,dkd,jpeg_compression,4,0.4478999972343445,0.143196240067482,2.325361728668213,0.7215673327445984,0.5910962224006653,0.5508000254631042,0.9630841612815857,0.35701629519462585
student_resnet32_dkd,resnet32,dkd,jpeg_compression,5,0.4133000075817108,0.23170147836208344,2.7595248222351074,0.8003857135772705,0.6450014710426331,0.48829999566078186,1.3973602056503296,0.30097731947898865
student_resnet32_dkd_nckd,resnet32,dkd,jpeg_compression,5,0.40400001406669617,0.17379416525363922,2.599510669708252,0.7755905985832214,0.5777941346168518,0.49239999055862427,1.1990665197372437,0.31406328082084656
student_resnet32_scratch,resnet32,none,jpeg_compression,5,0.36880001425743103,0.24219319224357605,3.08950138092041,0.8485845923423767,0.6109931468963623,0.4219000041484833,1.8255468606948853,0.24863342940807343
student_wrn_16_2_dkd_nckd,wrn_16_2,dkd,jpeg_compression,5,0.40959998965263367,0.15926817059516907,2.5374338626861572,0.7627173066139221,0.5688681602478027,0.5250999927520752,1.0324177742004395,0.3521616756916046
student_resnet32_dkd,resnet32,dkd,speckle_noise,1,0.5110999941825867,0.21020811796188354,2.2620606422424316,0.6871197819709778,0.7213081121444702,0.5917999744415283,1.0850588083267212,0.35906681418418884
student_resnet32_dkd_nckd,resnet32,dkd,speckle_noise,1,0.49300000071525574,0.1671229749917984,2.2147762775421143,0.6891061067581177,0.6601229906082153,0.5958999991416931,0.9474958777427673,0.387910932302475
student_resnet32_scratch,resnet32,none,speckle_noise,1,0.49470001459121704,0.1950826644897461,2.3238375186920166,0.6958046555519104,0.6895996332168579,0.5370000004768372,1.4066787958145142,0.2886532247066498
student_wrn_16_2_dkd_nckd,wrn_16_2,dkd,speckle_noise,1,0.5078999996185303,0.13682986795902252,2.1158244609832764,0.6647104024887085,0.6447299122810364,0.6172000169754028,0.8092412352561951,0.40742310881614685
student_resnet32_dkd,resnet32,dkd,speckle_noise,2,0.3278999924659729,0.3397422432899475,3.774148941040039,0.9532732367515564,0.6676422357559204,0.5026999711990356,1.333741545677185,0.38704749941825867
student_resnet32_dkd_nckd,resnet32,dkd,speckle_noise,2,0.31839999556541443,0.29889044165611267,3.701814889907837,0.9406715035438538,0.6172903776168823,0.5259000062942505,1.1174355745315552,0.42462196946144104
student_resnet32_scratch,resnet32,none,speckle_noise,2,0.3188000023365021,0.32043299078941345,3.8918168544769287,0.9505519270896912,0.6392329931259155,0.4268999993801117,1.7557051181793213,0.296318918466568
student_wrn_16_2_dkd_nckd,wrn_16_2,dkd,speckle_noise,2,0.3140999972820282,0.29136788845062256,3.672175884246826,0.9459038972854614,0.6054679155349731,0.5489000082015991,0.9989241361618042,0.45685046911239624
student_resnet32_dkd,resnet32,dkd,speckle_noise,3,0.2619999945163727,0.3944846987724304,4.56459903717041,1.0606482028961182,0.6564846038818359,0.47429999709129333,1.4000763893127441,0.38555216789245605
student_resnet32_dkd_nckd,resnet32,dkd,speckle_noise,3,0.2508000135421753,0.3657444715499878,4.494124412536621,1.0509517192840576,0.6165445446968079,0.5198000073432922,1.1506949663162231,0.4526709020137787
student_resnet32_scratch,resnet32,none,speckle_noise,3,0.2508000135421753,0.3813101053237915,4.790107250213623,1.061415195465088,0.6320734024047852,0.4056999981403351,1.8271795511245728,0.31732630729675293
student_wrn_16_2_dkd_nckd,wrn_16_2,dkd,speckle_noise,3,0.23829999566078186,0.37493953108787537,4.506075382232666,1.0697200298309326,0.6132395267486572,0.5458999872207642,1.0334217548370361,0.4944644272327423
student_resnet32_dkd,resnet32,dkd,speckle_noise,4,0.16990000009536743,0.4663063585758209,5.863123893737793,1.1998920440673828,0.636206328868866,0.45890000462532043,1.4153861999511719,0.4129634201526642
student_resnet32_dkd_nckd,resnet32,dkd,speckle_noise,4,0.16019999980926514,0.46140801906585693,5.858619689941406,1.2064332962036133,0.6216079592704773,0.5199000239372253,1.14578115940094,0.49324822425842285
student_resnet32_scratch,resnet32,none,speckle_noise,4,0.15539999306201935,0.47978562116622925,6.437147617340088,1.2274090051651,0.6351855397224426,0.3977999985218048,1.8986889123916626,0.36312299966812134
student_wrn_16_2_dkd_nckd,wrn_16_2,dkd,speckle_noise,4,0.15139999985694885,0.47266262769699097,5.886002540588379,1.227981686592102,0.6240625977516174,0.5608999729156494,1.0417386293411255,0.5459120869636536
student_resnet32_dkd,resnet32,dkd,speckle_noise,5,0.12330000102519989,0.4947424530982971,6.767266273498535,1.2653741836547852,0.6180424690246582,0.4456000030040741,1.4295567274093628,0.41446468234062195
student_resnet32_dkd_nckd,resnet32,dkd,speckle_noise,5,0.11159999668598175,0.5061271786689758,6.747774124145508,1.2859915494918823,0.6177043318748474,0.5317999720573425,1.1337578296661377,0.5202733278274536
student_resnet32_scratch,resnet32,none,speckle_noise,5,0.10540000349283218,0.524643063545227,7.660461902618408,1.3129388093948364,0.630043089389801,0.4172999858856201,1.9203128814697266,0.4022779166698456
student_wrn_16_2_dkd_nckd,wrn_16_2,dkd,speckle_noise,5,0.10019999742507935,0.533312976360321,6.8244147300720215,1.3200149536132812,0.6335129141807556,0.5666999816894531,1.0444233417510986,0.5613895058631897
student_resnet32_dkd,resnet32,dkd,gaussian_blur,1,0.7225000262260437,0.0994122326374054,1.0861610174179077,0.3990633189678192,0.8219090104103088,0.7612000107765198,0.600644052028656,0.39958593249320984
student_resnet32_dkd_nckd,resnet32,dkd,gaussian_blur,1,0.717199981212616,0.05263778567314148,1.0208646059036255,0.39135897159576416,0.7688167691230774,0.760699987411499,0.5370765924453735,0.41656315326690674
student_resnet32_scratch,resnet32,none,gaussian_blur,1,0.7087000012397766,0.08567552268505096,1.098416805267334,0.4062837064266205,0.7943755984306335,0.7347000241279602,0.7542688250541687,0.3561076521873474
student_wrn_16_2_dkd_nckd,wrn_16_2,dkd,gaussian_blur,1,0.7287999987602234,0.04820193722844124,0.9681879878044128,0.3725574314594269,0.7766093015670776,0.7802000045776367,0.4564463794231415,0.43809524178504944
student_resnet32_dkd,resnet32,dkd,gaussian_blur,2,0.5950000286102295,0.16731783747673035,1.7490344047546387,0.5726239085197449,0.7623178958892822,0.6570000052452087,0.8961560726165771,0.3689320385456085
student_resnet32_dkd_nckd,resnet32,dkd,gaussian_blur,2,0.5843999981880188,0.10929590463638306,1.6319950819015503,0.5611101984977722,0.6936959624290466,0.6590999960899353,0.7669475078582764,0.38915857672691345
student_resnet32_scratch,resnet32,none,gaussian_blur,2,0.5788000226020813,0.1551697552204132,1.795456051826477,0.5846897959709167,0.7338506579399109,0.6230999827384949,1.1070970296859741,0.3252427279949188
student_wrn_16_2_dkd_nckd,wrn_16_2,dkd,gaussian_blur,2,0.6087999939918518,0.09106852859258652,1.537467360496521,0.53174889087677,0.6998685002326965,0.690500020980835,0.658877968788147,0.4126213490962982
student_resnet32_dkd,resnet32,dkd,gaussian_blur,3,0.4740999937057495,0.23591727018356323,2.555633306503296,0.7425087690353394,0.7100172638893127,0.5812000036239624,1.1438817977905273,0.37899819016456604
student_resnet32_dkd_nckd,resnet32,dkd,gaussian_blur,3,0.45989999175071716,0.17589356005191803,2.359177827835083,0.7194722890853882,0.6357935667037964,0.5795999765396118,0.9727203249931335,0.38603901863098145
student_resnet32_scratch,resnet32,none,gaussian_blur,3,0.45840001106262207,0.22350697219371796,2.6324236392974854,0.7490243911743164,0.681907057762146,0.5364999771118164,1.4179847240447998,0.32186684012413025
student_wrn_16_2_dkd_nckd,wrn_16_2,dkd,gaussian_blur,3,0.4844000041484833,0.16415941715240479,2.22906494140625,0.6940622925758362,0.6485594511032104,0.614300012588501,0.8409571051597595,0.41460469365119934
student_resnet32_dkd,resnet32,dkd,gaussian_blur,4,0.36039999127388,0.3137661814689636,3.5062742233276367,0.9056084752082825,0.6741661429405212,0.5171999931335449,1.335763692855835,0.3783073127269745
student_resnet32_dkd_nckd,resnet32,dkd,gaussian_blur,4,0.35499998927116394,0.23927174508571625,3.1762020587921143,0.8580236434936523,0.5942716598510742,0.5192999839782715,1.1321673393249512,0.3807723820209503
student_resnet32_scratch,resnet32,none,gaussian_blur,4,0.3580999970436096,0.28249311447143555,3.5449578762054443,0.886527419090271,0.6405931115150452,0.4691999852657318,1.6641995906829834,0.31470829248428345
student_wrn_16_2_dkd_nckd,wrn_16_2,dkd,gaussian_blur,4,0.3790000081062317,0.23511344194412231,3.0038161277770996,0.8382737040519714,0.614113450050354,0.5479000210762024,0.9919440150260925,0.4057518541812897
student_resnet32_dkd,resnet32,dkd,gaussian_blur,5,0.22499999403953552,0.418410062789917,5.179515838623047,1.1171139478683472,0.6434100866317749,0.45410001277923584,1.5535801649093628,0.3821127414703369
student_resnet32_dkd_nckd,resnet32,dkd,gaussian_blur,5,0.2320999950170517,0.3171879053115845,4.533439636230469,1.0275102853775024,0.5492879152297974,0.447299987077713,1.3204602003097534,0.3701968193054199
student_resnet32_scratch,resnet32,none,gaussian_blur,5,0.23520000278949738,0.36145660281181335,5.007235527038574,1.055742859840393,0.5966566205024719,0.38190001249313354,1.9561666250228882,0.2933458387851715
student_wrn_16_2_dkd_nckd,wrn_16_2,dkd,gaussian_blur,5,0.24619999527931213,0.33967578411102295,4.353665351867676,1.0265018939971924,0.5858757495880127,0.4855000078678131,1.2069694995880127,0.4025973975658417
student_resnet32_dkd,resnet32,dkd,spatter,1,0.6866999864578247,0.1163063496351242,1.2566821575164795,0.44887885451316833,0.80278080701828,0.7192999720573425,0.741430401802063,0.3713286817073822
student_resnet32_dkd_nckd,resnet32,dkd,spatter,1,0.6801000237464905,0.06529831886291504,1.1724735498428345,0.4392384886741638,0.7451928853988647,0.7192999720573425,0.6478513479232788,0.3853146731853485
student_resnet32_scratch,resnet32,none,spatter,1,0.6582000255584717,0.10516873002052307,1.3129310607910156,0.46989935636520386,0.7633687257766724,0.6801999807357788,0.9310420155525208,0.3283216655254364
student_wrn_16_2_dkd_nckd,wrn_16_2,dkd,spatter,1,0.6973000168800354,0.05238662287592888,1.1344698667526245,0.4221770465373993,0.7495922446250916,0.7462000250816345,0.5478022694587708,0.41818180680274963
student_resnet32_dkd,resnet32,dkd,spatter,2,0.6165000200271606,0.1458420753479004,1.588426947593689,0.542824923992157,0.7623421549797058,0.6643000245094299,0.9077984094619751,0.35633140802383423
student_resnet32_dkd_nckd,resnet32,dkd,spatter,2,0.6184999942779541,0.07940810918807983,1.4831643104553223,0.5242791771888733,0.6978484392166138,0.6678000092506409,0.7762690186500549,0.36713770031929016
student_resnet32_scratch,resnet32,none,spatter,2,0.5735999941825867,0.1415601372718811,1.7628687620162964,0.5825998783111572,0.7151601314544678,0.6011999845504761,1.1799205541610718,0.29814353585243225
student_wrn_16_2_dkd_nckd,wrn_16_2,dkd,spatter,2,0.6208999752998352,0.08003726601600647,1.4631062746047974,0.5153818130493164,0.7009176015853882,0.6901000142097473,0.6683551669120789,0.4037129282951355
student_resnet32_dkd,resnet32,dkd,spatter,3,0.5406000018119812,0.1842942237854004,2.0055124759674072,0.6431812047958374,0.7248942255973816,0.5985000133514404,1.075835108757019,0.3361155092716217
student_resnet32_dkd_nckd,resnet32,dkd,spatter,3,0.5353999733924866,0.12004134058952332,1.8773201704025269,0.6276669502258301,0.6554413437843323,0.600600004196167,0.9291085004806519,0.3496503531932831
student_resnet32_scratch,resnet32,none,spatter,3,0.5034000277519226,0.1726880967617035,2.160916805267334,0.679953396320343,0.6759272217750549,0.5343000292778015,1.3987030982971191,0.27453193068504333
student_wrn_16_2_dkd_nckd,wrn_16_2,dkd,spatter,3,0.5453000068664551,0.11211425811052322,1.8449441194534302,0.6119597554206848,0.6574142575263977,0.6247000098228455,0.8080283403396606,0.37536656856536865
student_resnet32_dkd,resnet32,dkd,spatter,4,0.6047999858856201,0.1391073614358902,1.664142370223999,0.5585026144981384,0.7433324456214905,0.6380000114440918,0.9951745271682739,0.3305041193962097
student_resnet32_dkd_nckd,resnet32,dkd,spatter,4,0.5861999988555908,0.08683430403470993,1.5937851667404175,0.5551738142967224,0.6725062727928162,0.6359999775886536,0.8428661823272705,0.3515946567058563
student_resnet32_scratch,resnet32,none,spatter,4,0.5407000184059143,0.15470583736896515,1.958603858947754,0.6299950480461121,0.6953696012496948,0.5656999945640564,1.2954686880111694,0.27957817912101746
student_wrn_16_2_dkd_nckd,wrn_16_2,dkd,spatter,4,0.6035000085830688,0.07563838362693787,1.5538537502288818,0.5373383164405823,0.677805483341217,0.6682999730110168,0.719794750213623,0.3847736716270447
student_resnet32_dkd,resnet32,dkd,spatter,5,0.46399998664855957,0.22641177475452423,2.495960235595703,0.7514968514442444,0.6904117465019226,0.5386999845504761,1.310128927230835,0.3354620635509491
student_resnet32_dkd_nckd,resnet32,dkd,spatter,5,0.4438999891281128,0.17218081653118134,2.389051675796509,0.7489914894104004,0.6160808205604553,0.5457000136375427,1.1136332750320435,0.36344853043556213
student_resnet32_scratch,resnet32,none,spatter,5,0.3970000147819519,0.2602319121360779,3.032212972640991,0.8321413993835449,0.6571303009986877,0.47870001196861267,1.680005431175232,0.3061607778072357
student_wrn_16_2_dkd_nckd,wrn_16_2,dkd,spatter,5,0.46650001406669617,0.16163739562034607,2.3266782760620117,0.7273191809654236,0.6281374096870422,0.5837000012397766,0.9292550086975098,0.39857250452041626
student_resnet32_dkd,resnet32,dkd,saturate,1,0.6129999756813049,0.14980097115039825,1.6517937183380127,0.5441520810127258,0.7628009915351868,0.6740999817848206,0.8185577988624573,0.37346023321151733
student_resnet32_dkd_nckd,resnet32,dkd,saturate,1,0.6064000129699707,0.09328554570674896,1.5448577404022217,0.5319856405258179,0.6996855139732361,0.6747000217437744,0.715509295463562,0.3880179226398468
student_resnet32_scratch,resnet32,none,saturate,1,0.5964999794960022,0.1351868212223053,1.6866607666015625,0.5562372803688049,0.7316867709159851,0.6349999904632568,1.0300220251083374,0.32222843170166016
student_wrn_16_2_dkd_nckd,wrn_16_2,dkd,saturate,1,0.6194000244140625,0.08123207837343216,1.4747315645217896,0.5134597420692444,0.7006321549415588,0.6951000094413757,0.6210400462150574,0.4076147675514221
student_resnet32_dkd,resnet32,dkd,saturate,2,0.529699981212616,0.19466164708137512,2.171865224838257,0.6553581953048706,0.7243616580963135,0.6171000003814697,0.9494509696960449,0.3700271248817444
student_resnet32_dkd_nckd,resnet32,dkd,saturate,2,0.5184000134468079,0.1351407766342163,2.0724358558654785,0.6421422958374023,0.6535407900810242,0.6158000230789185,0.8369882702827454,0.38132911920547485
student_resnet32_scratch,resnet32,none,saturate,2,0.5074999928474426,0.18102283775806427,2.2620346546173096,0.671785295009613,0.6885228753089905,0.5680999755859375,1.201284646987915,0.3162296712398529
student_wrn_16_2_dkd_nckd,wrn_16_2,dkd,saturate,2,0.5303999781608582,0.12145894765853882,1.9435714483261108,0.6166965961456299,0.6518588662147522,0.6424999833106995,0.7201261520385742,0.40845388174057007
student_resnet32_dkd,resnet32,dkd,saturate,3,0.7050999999046326,0.1088520810008049,1.168677806854248,0.4221564531326294,0.8139358162879944,0.746999979019165,0.6442980766296387,0.39953988790512085
student_resnet32_dkd_nckd,resnet32,dkd,saturate,3,0.6962000131607056,0.0594155453145504,1.1055433750152588,0.41562679409980774,0.7555047869682312,0.7404000163078308,0.582021951675415,0.40682515501976013
student_resnet32_scratch,resnet32,none,saturate,3,0.6837000250816345,0.09910214692354202,1.2109932899475098,0.43961167335510254,0.7827737927436829,0.7105000019073486,0.8263072371482849,0.34624233841896057
student_wrn_16_2_dkd_nckd,wrn_16_2,dkd,saturate,3,0.7123000025749207,0.04951631277799606,1.0552253723144531,0.3980405032634735,0.7618163824081421,0.7591999769210815,0.4961291551589966,0.42216256260871887
student_resnet32_dkd,resnet32,dkd,saturate,4,0.6291999816894531,0.14860884845256805,1.5816818475723267,0.526197075843811,0.7778087854385376,0.6906999945640564,0.819568932056427,0.3922387957572937
student_resnet32_dkd_nckd,resnet32,dkd,saturate,4,0.6158999800682068,0.09346761554479599,1.5004900693893433,0.5200662016868591,0.709367573261261,0.6807000041007996,0.7123638391494751,0.3961194157600403
student_resnet32_scratch,resnet32,none,saturate,4,0.6029999852180481,0.1426125168800354,1.6487499475479126,0.5523506999015808,0.7456125617027283,0.6395000219345093,1.0654937028884888,0.32567164301872253
student_wrn_16_2_dkd_nckd,wrn_16_2,dkd,saturate,4,0.6294999718666077,0.07938522100448608,1.450507640838623,0.5051684379577637,0.7081141471862793,0.6980000138282776,0.6302872896194458,0.4101492464542389
student_resnet32_dkd,resnet32,dkd,saturate,5,0.5473999977111816,0.1925150454044342,2.0851221084594727,0.6381869912147522,0.7399150133132935,0.628600001335144,0.9760697484016418,0.3777354955673218
student_resnet32_dkd_nckd,resnet32,dkd,saturate,5,0.5302000045776367,0.13540305197238922,1.9929132461547852,0.6326180100440979,0.6656030416488647,0.6243000030517578,0.8437146544456482,0.39153188467025757
student_resnet32_scratch,resnet32,none,saturate,5,0.5205000042915344,0.18681955337524414,2.1786725521087646,0.6635553240776062,0.7073195576667786,0.5691999793052673,1.2951298952102661,0.3116079866886139
student_wrn_16_2_dkd_nckd,wrn_16_2,dkd,saturate,5,0.5339000225067139,0.12489860504865646,1.9562379121780396,0.6248536109924316,0.6587985157966614,0.6435999870300293,0.7525205612182617,0.42150333523750305
