run,model,kd_method,corruption,severity,acc,ece,nll,brier,agreement,kl_ts,agreement_on_teacher_errors
student_resnet20_dkd_augmixT_s1,resnet20,dkd,clean,0,0.7008000016212463,0.0654718354344368,1.0680696964263916,0.41083407402038574,0.7285000085830688,0.6549219489097595,0.3629296123981476
student_resnet20_kd_augmixT_s1,resnet20,kd,clean,0,0.6944000124931335,0.13769575953483582,1.2857670783996582,0.4493961036205292,0.7178999781608582,0.8999188542366028,0.34697216749191284
student_resnet20_kd_augmixT_s2,resnet20,kd,clean,0,0.6941999793052673,0.13981226086616516,1.272170901298523,0.45002079010009766,0.7179999947547913,0.9078574180603027,0.34942716360092163
student_resnet20_dkd_augmixT_s1,resnet20,dkd,gaussian_noise,1,0.4487999975681305,0.18075762689113617,2.461888313293457,0.7368254065513611,0.5139999985694885,1.3645210266113281,0.31483975052833557
student_resnet20_kd_augmixT_s1,resnet20,kd,gaussian_noise,1,0.39590001106262207,0.3211424946784973,3.496591091156006,0.8859772682189941,0.45249998569488525,2.244023561477661,0.27336385846138
student_resnet20_kd_augmixT_s2,resnet20,kd,gaussian_noise,1,0.3910999894142151,0.3261335790157318,3.538834810256958,0.89280104637146,0.4514999985694885,2.2586376667022705,0.2709399461746216
student_resnet20_dkd_augmixT_s1,resnet20,dkd,gaussian_noise,2,0.2854999899864197,0.2916112244129181,3.879436731338501,0.9579375982284546,0.37940001487731934,2.009377956390381,0.2760481536388397
student_resnet20_kd_augmixT_s1,resnet20,kd,gaussian_noise,2,0.23810000717639923,0.4444906413555145,5.431480407714844,1.1271523237228394,0.32100000977516174,3.2466506958007812,0.23889580368995667
student_resnet20_kd_augmixT_s2,resnet20,kd,gaussian_noise,2,0.22519999742507935,0.4513983726501465,5.653404235839844,1.147498369216919,0.3077999949455261,3.379718065261841,0.23308426141738892
student_resnet20_dkd_augmixT_s1,resnet20,dkd,gaussian_noise,3,0.18639999628067017,0.36526480317115784,5.140140533447266,1.0929957628250122,0.3046000003814697,2.466853380203247,0.25521010160446167
student_resnet20_kd_augmixT_s1,resnet20,kd,gaussian_noise,3,0.15469999611377716,0.5058432817459106,7.012730598449707,1.2565704584121704,0.25769999623298645,3.8486804962158203,0.2213870882987976
student_resnet20_kd_augmixT_s2,resnet20,kd,gaussian_noise,3,0.1404000073671341,0.5142792463302612,7.232068061828613,1.2741197347640991,0.23549999296665192,3.9768385887145996,0.20345063507556915
student_resnet20_dkd_augmixT_s1,resnet20,dkd,gaussian_noise,4,0.15279999375343323,0.39090079069137573,5.695460319519043,1.1416138410568237,0.2831999957561493,2.6118924617767334,0.24964539706707
student_resnet20_kd_augmixT_s1,resnet20,kd,gaussian_noise,4,0.12700000405311584,0.5271045565605164,7.6957502365112305,1.2975358963012695,0.2379000037908554,4.026027679443359,0.21355397999286652
student_resnet20_kd_augmixT_s2,resnet20,kd,gaussian_noise,4,0.11590000241994858,0.5316756963729858,7.819803237915039,1.30867600440979,0.22139999270439148,4.099790096282959,0.1965326964855194
student_resnet20_dkd_augmixT_s1,resnet20,dkd,gaussian_noise,5,0.12790000438690186,0.41002991795539856,6.1679487228393555,1.1763306856155396,0.26269999146461487,2.7202727794647217,0.23870202898979187
student_resnet20_kd_augmixT_s1,resnet20,kd,gaussian_noise,5,0.10719999670982361,0.538644015789032,8.177620887756348,1.324547529220581,0.2232999950647354,4.084736347198486,0.20254851877689362
student_resnet20_kd_augmixT_s2,resnet20,kd,gaussian_noise,5,0.09529999643564224,0.5439246892929077,8.314992904663086,1.3342169523239136,0.2021999955177307,4.166741847991943,0.18358275294303894
student_resnet20_dkd_augmixT_s1,resnet20,dkd,shot_noise,1,0.5479999780654907,0.12230776250362396,1.8504478931427002,0.6128763556480408,0.5942000150680542,1.0659809112548828,0.32554516196250916
student_resnet20_kd_augmixT_s1,resnet20,kd,shot_noise,1,0.49549999833106995,0.2542930245399475,2.56792950630188,0.7367104887962341,0.544700026512146,1.7041040658950806,0.30747663974761963
student_resnet20_kd_augmixT_s2,resnet20,kd,shot_noise,1,0.4986000061035156,0.2527958154678345,2.588890552520752,0.7373186349868774,0.545199990272522,1.7199933528900146,0.3006230592727661
student_resnet20_dkd_augmixT_s1,resnet20,dkd,shot_noise,2,0.43549999594688416,0.18635888397693634,2.536764144897461,0.7506590485572815,0.5015000104904175,1.41877019405365,0.30533942580223083
student_resnet20_kd_augmixT_s1,resnet20,kd,shot_noise,2,0.384799987077713,0.3285464346408844,3.6019785404205322,0.9009560346603394,0.43790000677108765,2.3135721683502197,0.2624094486236572
student_resnet20_kd_augmixT_s2,resnet20,kd,shot_noise,2,0.3758000135421753,0.33949053287506104,3.7389187812805176,0.9196211099624634,0.4325000047683716,2.418278932571411,0.2610678970813751
student_resnet20_dkd_augmixT_s1,resnet20,dkd,shot_noise,3,0.257999986410141,0.3132171332836151,4.202040672302246,0.9994472861289978,0.3544999957084656,2.184215545654297,0.26209357380867004
student_resnet20_kd_augmixT_s1,resnet20,kd,shot_noise,3,0.21580000221729279,0.46690258383750916,5.861318588256836,1.16890549659729,0.30219998955726624,3.4765563011169434,0.23334655165672302
student_resnet20_kd_augmixT_s2,resnet20,kd,shot_noise,3,0.19830000400543213,0.474100261926651,6.062682628631592,1.1898572444915771,0.28949999809265137,3.6004936695098877,0.23612213134765625
student_resnet20_dkd_augmixT_s1,resnet20,dkd,shot_noise,4,0.20589999854564667,0.3517816662788391,4.864565372467041,1.0748095512390137,0.32030001282691956,2.4472572803497314,0.26334908604621887
student_resnet20_kd_augmixT_s1,resnet20,kd,shot_noise,4,0.16930000483989716,0.49638989567756653,6.6843414306640625,1.2376556396484375,0.26409998536109924,3.8186256885528564,0.2186705470085144
student_resnet20_kd_augmixT_s2,resnet20,kd,shot_noise,4,0.1527000069618225,0.5106688737869263,6.869375228881836,1.2606436014175415,0.25369998812675476,3.921875,0.22321103513240814
student_resnet20_dkd_augmixT_s1,resnet20,dkd,shot_noise,5,0.14350000023841858,0.4033906161785126,5.815877914428711,1.1616392135620117,0.260699987411499,2.786510944366455,0.23124700784683228
student_resnet20_kd_augmixT_s1,resnet20,kd,shot_noise,5,0.12160000205039978,0.5328512787818909,7.820328712463379,1.3102997541427612,0.2264000028371811,4.188560962677002,0.20369485020637512
student_resnet20_kd_augmixT_s2,resnet20,kd,shot_noise,5,0.10890000313520432,0.5351783037185669,7.853940010070801,1.3166744709014893,0.20919999480247498,4.187380790710449,0.19175027310848236
student_resnet20_dkd_augmixT_s1,resnet20,dkd,impulse_noise,1,0.5892999768257141,0.10331351310014725,1.5516033172607422,0.5460551977157593,0.6320000290870667,0.9628138542175293,0.3312862515449524
student_resnet20_kd_augmixT_s1,resnet20,kd,impulse_noise,1,0.5669999718666077,0.20361551642417908,1.977780818939209,0.6246930956840515,0.593500018119812,1.4299436807632446,0.28420335054397583
student_resnet20_kd_augmixT_s2,resnet20,kd,impulse_noise,1,0.5503000020980835,0.2151472568511963,2.091599941253662,0.6502789258956909,0.578499972820282,1.5281450748443604,0.27942681312561035
student_resnet20_dkd_augmixT_s1,resnet20,dkd,impulse_noise,2,0.4715999960899353,0.14987292885780334,2.213359832763672,0.6964638233184814,0.5080999732017517,1.4170089960098267,0.25988858938217163
student_resnet20_kd_augmixT_s1,resnet20,kd,impulse_noise,2,0.430400013923645,0.2891606092453003,2.9724721908569336,0.8266963958740234,0.4578000009059906,2.2255918979644775,0.22451253235340118
student_resnet20_kd_augmixT_s2,resnet20,kd,impulse_noise,2,0.3928999900817871,0.3099934756755829,3.312018632888794,0.8809611201286316,0.413100004196167,2.4961495399475098,0.20334261655807495
student_resnet20_dkd_augmixT_s1,resnet20,dkd,impulse_noise,3,0.35850000381469727,0.2046019434928894,2.978184938430786,0.8367892503738403,0.39570000767707825,1.9436300992965698,0.213878333568573
student_resnet20_kd_augmixT_s1,resnet20,kd,impulse_noise,3,0.3172999918460846,0.3603724539279938,3.97304368019104,0.9898825883865356,0.3366999924182892,3.0173487663269043,0.16848859190940857
student_resnet20_kd_augmixT_s2,resnet20,kd,impulse_noise,3,0.26249998807907104,0.39656534790992737,4.582743167877197,1.065799593925476,0.2851000130176544,3.518036365509033,0.15185360610485077
student_resnet20_dkd_augmixT_s1,resnet20,dkd,impulse_noise,4,0.17800000309944153,0.3312118351459503,4.787935256958008,1.072239875793457,0.2320999950170517,2.9350903034210205,0.16598832607269287
student_resnet20_kd_augmixT_s1,resnet20,kd,impulse_noise,4,0.16429999470710754,0.46478405594825745,5.866302490234375,1.2056691646575928,0.21649999916553497,3.878234386444092,0.15837904810905457
student_resnet20_kd_augmixT_s2,resnet20,kd,impulse_noise,4,0.12919999659061432,0.4793550968170166,6.766989231109619,1.247673749923706,0.15710000693798065,4.746207237243652,0.10493718087673187
student_resnet20_dkd_augmixT_s1,resnet20,dkd,impulse_noise,5,0.09549999982118607,0.41337746381759644,6.357244968414307,1.1984028816223145,0.16680000722408295,3.517235040664673,0.14112095534801483
student_resnet20_kd_augmixT_s1,resnet20,kd,impulse_noise,5,0.1006999984383583,0.48807698488235474,7.247428894042969,1.273547887802124,0.18629999458789825,3.9372305870056152,0.1677151918411255
student_resnet20_kd_augmixT_s2,resnet20,kd,impulse_noise,5,0.07419999688863754,0.5067423582077026,8.275918960571289,1.307477355003357,0.10289999842643738,5.139545440673828,0.07649413496255875
student_resnet20_dkd_augmixT_s1,resnet20,dkd,defocus_blur,1,0.697700023651123,0.06910444796085358,1.0833228826522827,0.4136257469654083,0.7269999980926514,0.6582105159759521,0.36382195353507996
student_resnet20_kd_augmixT_s1,resnet20,kd,defocus_blur,1,0.6905999779701233,0.14202073216438293,1.3088716268539429,0.45441561937332153,0.7192000150680542,0.9080825448036194,0.35606369376182556
student_resnet20_kd_augmixT_s2,resnet20,kd,defocus_blur,1,0.6908000111579895,0.14346323907375336,1.2890956401824951,0.4537537693977356,0.7214000225067139,0.9104928970336914,0.3658636212348938
student_resnet20_dkd_augmixT_s1,resnet20,dkd,defocus_blur,2,0.6827999949455261,0.07546048611402512,1.162800669670105,0.4348307251930237,0.7166000008583069,0.6928935050964355,0.3725646138191223
student_resnet20_kd_augmixT_s1,resnet20,kd,defocus_blur,2,0.6722000241279602,0.15709078311920166,1.4445602893829346,0.48789241909980774,0.7041000127792358,0.9883502125740051,0.35228627920150757
student_resnet20_kd_augmixT_s2,resnet20,kd,defocus_blur,2,0.6722999811172485,0.1572585105895996,1.4123120307922363,0.48381131887435913,0.7041000127792358,0.9787941575050354,0.35785287618637085
student_resnet20_dkd_augmixT_s1,resnet20,dkd,defocus_blur,3,0.6468999981880188,0.09260974824428558,1.3452585935592651,0.48594483733177185,0.6794000267982483,0.7908278107643127,0.3465160131454468
student_resnet20_kd_augmixT_s1,resnet20,kd,defocus_blur,3,0.619700014591217,0.19053508341312408,1.764404296875,0.5660548210144043,0.6589000225067139,1.1861355304718018,0.34689265489578247
student_resnet20_kd_augmixT_s2,resnet20,kd,defocus_blur,3,0.6230000257492065,0.1877928376197815,1.7149860858917236,0.5552900433540344,0.6581000089645386,1.1660360097885132,0.33898305892944336
student_resnet20_dkd_augmixT_s1,resnet20,dkd,defocus_blur,4,0.5784000158309937,0.13305222988128662,1.6962412595748901,0.5765817165374756,0.6244999766349792,0.986790120601654,0.33681023120880127
student_resnet20_kd_augmixT_s1,resnet20,kd,defocus_blur,4,0.5457000136375427,0.23666773736476898,2.254354476928711,0.6723974943161011,0.5888000130653381,1.498436450958252,0.31292060017585754
student_resnet20_kd_augmixT_s2,resnet20,kd,defocus_blur,4,0.5462999939918518,0.23534569144248962,2.2678914070129395,0.6691246628761292,0.5853000283241272,1.5146517753601074,0.3045087456703186
student_resnet20_dkd_augmixT_s1,resnet20,dkd,defocus_blur,5,0.4731000065803528,0.19038617610931396,2.3094539642333984,0.7195815443992615,0.5353000164031982,1.3224318027496338,0.3235294222831726
student_resnet20_kd_augmixT_s1,resnet20,kd,defocus_blur,5,0.41690000891685486,0.32061147689819336,3.271529197692871,0.864932119846344,0.4681999981403351,2.152611017227173,0.276699036359787
student_resnet20_kd_augmixT_s2,resnet20,kd,defocus_blur,5,0.4226999878883362,0.3158580958843231,3.201972007751465,0.8501321077346802,0.47940000891685486,2.0891573429107666,0.2886921763420105
student_resnet20_dkd_augmixT_s1,resnet20,dkd,glass_blur,1,0.2705000042915344,0.3766052722930908,4.287783622741699,1.0585023164749146,0.45329999923706055,1.6969094276428223,0.3811591863632202
student_resnet20_kd_augmixT_s1,resnet20,kd,glass_blur,1,0.2515000104904175,0.49298757314682007,5.597566604614258,1.1820086240768433,0.4146000146865845,2.608333110809326,0.3469183146953583
student_resnet20_kd_augmixT_s2,resnet20,kd,glass_blur,1,0.23270000517368317,0.517656147480011,6.040185928344727,1.2200754880905151,0.40139999985694885,2.88702130317688,0.34775346517562866
student_resnet20_dkd_augmixT_s1,resnet20,dkd,glass_blur,2,0.28630000352859497,0.36054742336273193,4.085919380187988,1.0307098627090454,0.4496000111103058,1.6723191738128662,0.3650416135787964
student_resnet20_kd_augmixT_s1,resnet20,kd,glass_blur,2,0.2678000032901764,0.47587254643440247,5.326055526733398,1.1507232189178467,0.420199990272522,2.5622172355651855,0.34397825598716736
student_resnet20_kd_augmixT_s2,resnet20,kd,glass_blur,2,0.24789999425411224,0.5005204677581787,5.735488414764404,1.192196249961853,0.4007999897003174,2.8051695823669434,0.3310684561729431
student_resnet20_dkd_augmixT_s1,resnet20,dkd,glass_blur,3,0.3107999861240387,0.31949713826179504,3.638629198074341,0.9661045074462891,0.4657000005245209,1.448029637336731,0.36148589849472046
student_resnet20_kd_augmixT_s1,resnet20,kd,glass_blur,3,0.2921999990940094,0.4412909746170044,4.830430507659912,1.0895028114318848,0.43779999017715454,2.288408041000366,0.3406343162059784
student_resnet20_kd_augmixT_s2,resnet20,kd,glass_blur,3,0.27480000257492065,0.45831623673439026,5.109011650085449,1.1182819604873657,0.42160001397132874,2.408987045288086,0.33695462346076965
student_resnet20_dkd_augmixT_s1,resnet20,dkd,glass_blur,4,0.2134999930858612,0.43922483921051025,5.087545871734619,1.1667377948760986,0.42500001192092896,1.8753478527069092,0.3729056417942047
student_resnet20_kd_augmixT_s1,resnet20,kd,glass_blur,4,0.20280000567436218,0.5502166748046875,6.4761457443237305,1.2811994552612305,0.39070001244544983,2.848132848739624,0.3403981029987335
student_resnet20_kd_augmixT_s2,resnet20,kd,glass_blur,4,0.18690000474452972,0.5735856294631958,7.030109405517578,1.3221492767333984,0.3783999979496002,3.190084457397461,0.33796364068984985
student_resnet20_dkd_augmixT_s1,resnet20,dkd,glass_blur,5,0.23559999465942383,0.3932671546936035,4.524293422698975,1.094054937362671,0.4465999901294708,1.5683380365371704,0.3855457305908203
student_resnet20_kd_augmixT_s1,resnet20,kd,glass_blur,5,0.22599999606609344,0.5069332122802734,5.83345365524292,1.2141823768615723,0.41589999198913574,2.460139513015747,0.3560471832752228
student_resnet20_kd_augmixT_s2,resnet20,kd,glass_blur,5,0.21130000054836273,0.5257264375686646,6.237895488739014,1.2482576370239258,0.40049999952316284,2.6563310623168945,0.34793511033058167
student_resnet20_dkd_augmixT_s1,resnet20,dkd,motion_blur,1,0.6503999829292297,0.0877811536192894,1.325433611869812,0.48083731532096863,0.6818000078201294,0.7792585492134094,0.34362366795539856
student_resnet20_kd_augmixT_s1,resnet20,kd,motion_blur,1,0.6334999799728394,0.17776551842689514,1.6690144538879395,0.5416598916053772,0.6656000018119812,1.1269053220748901,0.3344358801841736
student_resnet20_kd_augmixT_s2,resnet20,kd,motion_blur,1,0.633400022983551,0.17724770307540894,1.6553984880447388,0.5391520261764526,0.6675999760627747,1.1221076250076294,0.33700844645500183
student_resnet20_dkd_augmixT_s1,resnet20,dkd,motion_blur,2,0.5924999713897705,0.11442821472883224,1.6142452955245972,0.5546048283576965,0.6362000107765198,0.9293794631958008,0.34198424220085144
student_resnet20_kd_augmixT_s1,resnet20,kd,motion_blur,2,0.5727999806404114,0.21338731050491333,2.0745973587036133,0.6320559978485107,0.6061999797821045,1.3549679517745972,0.306176096200943
student_resnet20_kd_augmixT_s2,resnet20,kd,motion_blur,2,0.5674999952316284,0.21836142241954803,2.0947952270507812,0.6355867385864258,0.6104999780654907,1.3492661714553833,0.32490143179893494
student_resnet20_dkd_augmixT_s1,resnet20,dkd,motion_blur,3,0.5303999781608582,0.14920063316822052,1.9695005416870117,0.6380947828292847,0.5837000012397766,1.0750994682312012,0.32992327213287354
student_resnet20_kd_augmixT_s1,resnet20,kd,motion_blur,3,0.5049999952316284,0.25151216983795166,2.5265941619873047,0.7263454794883728,0.5521000027656555,1.5718854665756226,0.2935492992401123
student_resnet20_kd_augmixT_s2,resnet20,kd,motion_blur,3,0.5004000067710876,0.2606818675994873,2.627819538116455,0.7371135354042053,0.5490999817848206,1.6319597959518433,0.3006536066532135
student_resnet20_dkd_augmixT_s1,resnet20,dkd,motion_blur,4,0.5321000218391418,0.1497165858745575,1.967826008796692,0.633705198764801,0.588100016117096,1.0743083953857422,0.3329535722732544
student_resnet20_kd_augmixT_s1,resnet20,kd,motion_blur,4,0.5076000094413757,0.25152599811553955,2.5208399295806885,0.7210630178451538,0.5598999857902527,1.5682367086410522,0.31102249026298523
student_resnet20_kd_augmixT_s2,resnet20,kd,motion_blur,4,0.5031999945640564,0.25983497500419617,2.6063432693481445,0.7315093874931335,0.5522000193595886,1.6124634742736816,0.3041868507862091
student_resnet20_dkd_augmixT_s1,resnet20,dkd,motion_blur,5,0.45829999446868896,0.1918785721063614,2.3795113563537598,0.7271806597709656,0.5288000106811523,1.2514725923538208,0.32377150654792786
student_resnet20_kd_augmixT_s1,resnet20,kd,motion_blur,5,0.4431000053882599,0.2906509339809418,2.9970450401306152,0.8159232139587402,0.508899986743927,1.785294532775879,0.30356696248054504
student_resnet20_kd_augmixT_s2,resnet20,kd,motion_blur,5,0.4350000023841858,0.29976698756217957,3.1540284156799316,0.8307385444641113,0.4959000051021576,1.849887490272522,0.2973310053348541
student_resnet20_dkd_augmixT_s1,resnet20,dkd,zoom_blur,1,0.633899986743927,0.09858006238937378,1.394731879234314,0.5016810297966003,0.6705999970436096,0.8111531138420105,0.34585121273994446
student_resnet20_kd_augmixT_s1,resnet20,kd,zoom_blur,1,0.6159999966621399,0.18845844268798828,1.7749892473220825,0.5689836144447327,0.6535000205039978,1.1732949018478394,0.33297568559646606
student_resnet20_kd_augmixT_s2,resnet20,kd,zoom_blur,1,0.6062999963760376,0.19807741045951843,1.8182673454284668,0.5789321064949036,0.640500009059906,1.2271642684936523,0.3265379071235657
student_resnet20_dkd_augmixT_s1,resnet20,dkd,zoom_blur,2,0.6172999739646912,0.10927294939756393,1.4560985565185547,0.5201771259307861,0.6585999727249146,0.8578211069107056,0.35396039485931396
student_resnet20_kd_augmixT_s1,resnet20,kd,zoom_blur,2,0.5942999720573425,0.20256146788597107,1.8945547342300415,0.5990411639213562,0.6320000290870667,1.2644091844558716,0.32708626985549927
student_resnet20_kd_augmixT_s2,resnet20,kd,zoom_blur,2,0.5864999890327454,0.21355047821998596,1.9343013763427734,0.6056174635887146,0.6241999864578247,1.3164538145065308,0.3277934789657593
student_resnet20_dkd_augmixT_s1,resnet20,dkd,zoom_blur,3,0.5831999778747559,0.12835316359996796,1.6308985948562622,0.5658157467842102,0.6302000284194946,0.9493444561958313,0.3427445888519287
student_resnet20_kd_augmixT_s1,resnet20,kd,zoom_blur,3,0.550599992275238,0.23030968010425568,2.168872117996216,0.6584842801094055,0.5911999940872192,1.4307197332382202,0.3102429509162903
student_resnet20_kd_augmixT_s2,resnet20,kd,zoom_blur,3,0.5509999990463257,0.23332105576992035,2.2100272178649902,0.6634666323661804,0.5914999842643738,1.4806305170059204,0.31483912467956543
student_resnet20_dkd_augmixT_s1,resnet20,dkd,zoom_blur,4,0.5509999990463257,0.14649039506912231,1.8149998188018799,0.6092436909675598,0.6061000227928162,1.0370532274246216,0.3413063585758209
student_resnet20_kd_augmixT_s1,resnet20,kd,zoom_blur,4,0.5135999917984009,0.254617303609848,2.4585139751434326,0.7167200446128845,0.5618000030517578,1.5827146768569946,0.30573442578315735
student_resnet20_kd_augmixT_s2,resnet20,kd,zoom_blur,4,0.512499988079071,0.25832420587539673,2.4857521057128906,0.7199640870094299,0.5602999925613403,1.6180263757705688,0.30573442578315735
student_resnet20_dkd_augmixT_s1,resnet20,dkd,zoom_blur,5,0.5002999901771545,0.17237423360347748,2.147531747817993,0.6805437207221985,0.5630000233650208,1.1693692207336426,0.33047211170196533
student_resnet20_kd_augmixT_s1,resnet20,kd,zoom_blur,5,0.4577000141143799,0.28981298208236694,2.934236526489258,0.8025400638580322,0.5178999900817871,1.7980968952178955,0.3006974160671234
student_resnet20_kd_augmixT_s2,resnet20,kd,zoom_blur,5,0.4544999897480011,0.29363277554512024,2.9760324954986572,0.8095666170120239,0.5152000188827515,1.8283199071884155,0.29935622215270996
student_resnet20_dkd_augmixT_s1,resnet20,dkd,snow,1,0.6388999819755554,0.0836409330368042,1.3400553464889526,0.48976200819015503,0.675599992275238,0.7985784411430359,0.3464866876602173
student_resnet20_kd_augmixT_s1,resnet20,kd,snow,1,0.6205999851226807,0.17833200097084045,1.6821179389953613,0.5550458431243896,0.6499000191688538,1.1510488986968994,0.3198338449001312
student_resnet20_kd_augmixT_s2,resnet20,kd,snow,1,0.6245999932289124,0.17537979781627655,1.667798399925232,0.5480920076370239,0.6583999991416931,1.1361687183380127,0.3277950882911682
student_resnet20_dkd_augmixT_s1,resnet20,dkd,snow,2,0.5081999897956848,0.15764456987380981,2.087894916534424,0.6676424145698547,0.5691999793052673,1.1212375164031982,0.3181110620498657
student_resnet20_kd_augmixT_s1,resnet20,kd,snow,2,0.4778999984264374,0.2722591161727905,2.7765657901763916,0.7731907963752747,0.5299999713897705,1.7122138738632202,0.2890503406524658
student_resnet20_kd_augmixT_s2,resnet20,kd,snow,2,0.47380000352859497,0.2828349471092224,2.7631850242614746,0.7796273231506348,0.5367000102996826,1.698154330253601,0.30643486976623535
student_resnet20_dkd_augmixT_s1,resnet20,dkd,snow,3,0.5343999862670898,0.13550952076911926,1.8840993642807007,0.62253737449646,0.5867999792098999,1.0392827987670898,0.3178233504295349
student_resnet20_kd_augmixT_s1,resnet20,kd,snow,3,0.5166000127792358,0.24243596196174622,2.4087541103363037,0.7090718150138855,0.5566999912261963,1.5475876331329346,0.2886435389518738
student_resnet20_kd_augmixT_s2,resnet20,kd,snow,3,0.5162000060081482,0.24427425861358643,2.4352774620056152,0.7133640050888062,0.5604000091552734,1.5374358892440796,0.29600420594215393
student_resnet20_dkd_augmixT_s1,resnet20,dkd,snow,4,0.5095000267028809,0.14440111815929413,2.047774314880371,0.6597006320953369,0.5705000162124634,1.0826938152313232,0.32320573925971985
student_resnet20_kd_augmixT_s1,resnet20,kd,snow,4,0.48089998960494995,0.2621549367904663,2.6370177268981934,0.7538074851036072,0.5281999707221985,1.6587167978286743,0.28133970499038696
student_resnet20_kd_augmixT_s2,resnet20,kd,snow,4,0.49079999327659607,0.2580183744430542,2.634927272796631,0.7472772598266602,0.5392000079154968,1.63519287109375,0.2863636314868927
student_resnet20_dkd_augmixT_s1,resnet20,dkd,snow,5,0.44670000672340393,0.1824689358472824,2.5080389976501465,0.7478466033935547,0.5213000178337097,1.1971194744110107,0.31838375329971313
student_resnet20_kd_augmixT_s1,resnet20,kd,snow,5,0.4253999888896942,0.29903271794319153,3.1778335571289062,0.846368670463562,0.4876999855041504,1.802046537399292,0.28495875000953674
student_resnet20_kd_augmixT_s2,resnet20,kd,snow,5,0.4221999943256378,0.3105931580066681,3.2257912158966064,0.8515682816505432,0.5004000067710876,1.8055670261383057,0.30167123675346375
student_resnet20_dkd_augmixT_s1,resnet20,dkd,frost,1,0.6147000193595886,0.09569728374481201,1.4853944778442383,0.5222137570381165,0.6575000286102295,0.8401755690574646,0.35011518001556396
student_resnet20_kd_augmixT_s1,resnet20,kd,frost,1,0.5935999751091003,0.19719457626342773,1.8817006349563599,0.5970443487167358,0.6281999945640564,1.2365798950195312,0.31918394565582275
student_resnet20_kd_augmixT_s2,resnet20,kd,frost,1,0.5983999967575073,0.19320765137672424,1.8861913681030273,0.5897737145423889,0.63919997215271,1.230688452720642,0.32477790117263794
student_resnet20_dkd_augmixT_s1,resnet20,dkd,frost,2,0.5361999869346619,0.14034400880336761,1.9184423685073853,0.629559338092804,0.6039000153541565,1.0027580261230469,0.3527800738811493
student_resnet20_kd_augmixT_s1,resnet20,kd,frost,2,0.5131999850273132,0.246202751994133,2.4487857818603516,0.7162352800369263,0.5723000168800354,1.4807095527648926,0.323746919631958
student_resnet20_kd_augmixT_s2,resnet20,kd,frost,2,0.51419997215271,0.2494196593761444,2.493718385696411,0.718167781829834,0.5685999989509583,1.531141996383667,0.3144344091415405
student_resnet20_dkd_augmixT_s1,resnet20,dkd,frost,3,0.43050000071525574,0.21002987027168274,2.6313998699188232,0.775898277759552,0.5378999710083008,1.2116955518722534,0.3629032373428345
student_resnet20_kd_augmixT_s1,resnet20,kd,frost,3,0.4074000120162964,0.3254963755607605,3.4078774452209473,0.8818431496620178,0.5026999711990356,1.8460464477539062,0.3351254463195801
student_resnet20_kd_augmixT_s2,resnet20,kd,frost,3,0.3970000147819519,0.34243524074554443,3.5589773654937744,0.9040824174880981,0.492900013923645,1.9206839799880981,0.3293010890483856
student_resnet20_dkd_augmixT_s1,resnet20,dkd,frost,4,0.4187000095844269,0.22000953555107117,2.7999112606048584,0.7985749244689941,0.5224000215530396,1.268393635749817,0.35209736227989197
student_resnet20_kd_augmixT_s1,resnet20,kd,frost,4,0.38940000534057617,0.342593252658844,3.6729495525360107,0.9157052636146545,0.4828999936580658,1.9386365413665771,0.3249293565750122
student_resnet20_kd_augmixT_s2,resnet20,kd,frost,4,0.37940001487731934,0.363975465297699,3.820026159286499,0.9394421577453613,0.48010000586509705,2.0351147651672363,0.3321017026901245
student_resnet20_dkd_augmixT_s1,resnet20,dkd,frost,5,0.3264999985694885,0.2992067337036133,3.5947670936584473,0.9418488144874573,0.4726000130176544,1.4420642852783203,0.36937442421913147
student_resnet20_kd_augmixT_s1,resnet20,kd,frost,5,0.29319998621940613,0.43200600147247314,4.729984283447266,1.0775251388549805,0.4293999969959259,2.2327442169189453,0.34024277329444885
student_resnet20_kd_augmixT_s2,resnet20,kd,frost,5,0.28949999809265137,0.44263944029808044,4.943058967590332,1.0972905158996582,0.43549999594688416,2.339832305908203,0.3527544438838959
student_resnet20_dkd_augmixT_s1,resnet20,dkd,fog,1,0.6940000057220459,0.06820987164974213,1.1011561155319214,0.42010948061943054,0.7200999855995178,0.6691334247589111,0.3598242700099945
student_resnet20_kd_augmixT_s1,resnet20,kd,fog,1,0.6866000294685364,0.1436310112476349,1.3308336734771729,0.46253159642219543,0.7121000289916992,0.9299049973487854,0.35143768787384033
student_resnet20_kd_augmixT_s2,resnet20,kd,fog,1,0.6848999857902527,0.1481650024652481,1.3153049945831299,0.4610569477081299,0.7113000154495239,0.9319007992744446,0.35583066940307617
student_resnet20_dkd_augmixT_s1,resnet20,dkd,fog,2,0.6592000126838684,0.08203119039535522,1.2500768899917603,0.4629100561141968,0.6973000168800354,0.7367066144943237,0.37205934524536133
student_resnet20_kd_augmixT_s1,resnet20,kd,fog,2,0.6496000289916992,0.1671759933233261,1.5094138383865356,0.5120077133178711,0.684499979019165,1.0238893032073975,0.35179153084754944
student_resnet20_kd_augmixT_s2,resnet20,kd,fog,2,0.6579999923706055,0.16271443665027618,1.4964580535888672,0.5046482682228088,0.6898000240325928,1.030351996421814,0.34346723556518555
student_resnet20_dkd_augmixT_s1,resnet20,dkd,fog,3,0.6157000064849854,0.10601527988910675,1.4491801261901855,0.5183316469192505,0.6610000133514404,0.8153228759765625,0.35073670744895935
student_resnet20_kd_augmixT_s1,resnet20,kd,fog,3,0.6115999817848206,0.19067233800888062,1.7500396966934204,0.5721513628959656,0.6481999754905701,1.1386128664016724,0.3267136514186859
student_resnet20_kd_augmixT_s2,resnet20,kd,fog,3,0.6122000217437744,0.19067342579364777,1.7575404644012451,0.5690433979034424,0.6481999754905701,1.158540964126587,0.3302370309829712
student_resnet20_dkd_augmixT_s1,resnet20,dkd,fog,4,0.5587999820709229,0.13366764783859253,1.781051516532898,0.6011207699775696,0.6182000041007996,0.9498927593231201,0.34766826033592224
student_resnet20_kd_augmixT_s1,resnet20,kd,fog,4,0.546500027179718,0.2295779287815094,2.150684356689453,0.6671098470687866,0.5952000021934509,1.3341717720031738,0.32476961612701416
student_resnet20_kd_augmixT_s2,resnet20,kd,fog,4,0.5501999855041504,0.2288421392440796,2.1966209411621094,0.6614815592765808,0.5975000262260437,1.3659231662750244,0.3180675804615021
student_resnet20_dkd_augmixT_s1,resnet20,dkd,fog,5,0.35749998688697815,0.26661601662635803,3.252516269683838,0.8847948312759399,0.4823000133037567,1.3714346885681152,0.3483380675315857
student_resnet20_kd_augmixT_s1,resnet20,kd,fog,5,0.351500004529953,0.3637044429779053,3.8563075065612793,0.9579162001609802,0.46230000257492065,1.923121452331543,0.3225071132183075
student_resnet20_kd_augmixT_s2,resnet20,kd,fog,5,0.3472999930381775,0.3770446479320526,4.113254070281982,0.9801291823387146,0.4602999985218048,2.034762144088745,0.325356125831604
student_resnet20_dkd_augmixT_s1,resnet20,dkd,brightness,1,0.6992999911308289,0.06518309563398361,1.0789015293121338,0.41442880034446716,0.7260000109672546,0.6566649079322815,0.3605691194534302
student_resnet20_kd_augmixT_s1,resnet20,kd,brightness,1,0.6930000185966492,0.13721667230129242,1.2981218099594116,0.45347142219543457,0.7166000008583069,0.9090244174003601,0.3459349572658539
student_resnet20_kd_augmixT_s2,resnet20,kd,brightness,1,0.6887000203132629,0.1431191861629486,1.2823686599731445,0.4537016749382019,0.7170000076293945,0.9126720428466797,0.35650405287742615
student_resnet20_dkd_augmixT_s1,resnet20,dkd,brightness,2,0.6886000037193298,0.07003363221883774,1.1143499612808228,0.4257822632789612,0.7190999984741211,0.6695482134819031,0.3619461953639984
student_resnet20_kd_augmixT_s1,resnet20,kd,brightness,2,0.6832000017166138,0.1419547200202942,1.3469756841659546,0.46732139587402344,0.7095000147819519,0.9414234161376953,0.3457278609275818
student_resnet20_kd_augmixT_s2,resnet20,kd,brightness,2,0.6815000176429749,0.1458037793636322,1.3242658376693726,0.4647460877895355,0.7052000164985657,0.93671053647995,0.337816447019577
student_resnet20_dkd_augmixT_s1,resnet20,dkd,brightness,3,0.6736000180244446,0.07535594701766968,1.1773834228515625,0.44383466243743896,0.7092000246047974,0.6936317086219788,0.3666413426399231
student_resnet20_kd_augmixT_s1,resnet20,kd,brightness,3,0.6651999950408936,0.1536441296339035,1.4315824508666992,0.4899739623069763,0.6917999982833862,0.9898616075515747,0.33852583169937134
student_resnet20_kd_augmixT_s2,resnet20,kd,brightness,3,0.6669999957084656,0.15388667583465576,1.4074004888534546,0.4860250949859619,0.6984999775886536,0.9799599647521973,0.3427051603794098
student_resnet20_dkd_augmixT_s1,resnet20,dkd,brightness,4,0.6550999879837036,0.0829542875289917,1.270628809928894,0.47091248631477356,0.6923999786376953,0.733512282371521,0.3624376356601715
student_resnet20_kd_augmixT_s1,resnet20,kd,brightness,4,0.642300009727478,0.16829204559326172,1.547275424003601,0.5216255784034729,0.6733999848365784,1.0495219230651855,0.34034213423728943
student_resnet20_kd_augmixT_s2,resnet20,kd,brightness,4,0.6478000283241272,0.16328421235084534,1.5151774883270264,0.5142260193824768,0.6787999868392944,1.0431171655654907,0.3346400558948517
student_resnet20_dkd_augmixT_s1,resnet20,dkd,brightness,5,0.6025000214576721,0.10667940974235535,1.5344332456588745,0.5411897301673889,0.6480000019073486,0.8294661045074463,0.35979628562927246
student_resnet20_kd_augmixT_s1,resnet20,kd,brightness,5,0.5856999754905701,0.19831280410289764,1.8874058723449707,0.6043983101844788,0.6294999718666077,1.2048592567443848,0.33882564306259155
student_resnet20_kd_augmixT_s2,resnet20,kd,brightness,5,0.5921000242233276,0.19241511821746826,1.833328127861023,0.5936270952224731,0.6266999840736389,1.1904118061065674,0.32624325156211853
student_resnet20_dkd_augmixT_s1,resnet20,dkd,contrast,1,0.6886000037193298,0.07010536640882492,1.1364279985427856,0.430757611989975,0.7190999984741211,0.6711300015449524,0.3625149130821228
student_resnet20_kd_augmixT_s1,resnet20,kd,contrast,1,0.6787999868392944,0.15109297633171082,1.376753568649292,0.47434183955192566,0.7098000049591064,0.9324589967727661,0.35535216331481934
student_resnet20_kd_augmixT_s2,resnet20,kd,contrast,1,0.6753000020980835,0.15583638846874237,1.373193383216858,0.4754307270050049,0.7078999876976013,0.9443944096565247,0.3605252802371979
student_resnet20_dkd_augmixT_s1,resnet20,dkd,contrast,2,0.6126999855041504,0.10764215886592865,1.4791775941848755,0.5258994102478027,0.6668000221252441,0.8012053966522217,0.376076877117157
student_resnet20_kd_augmixT_s1,resnet20,kd,contrast,2,0.604200005531311,0.19886982440948486,1.8068654537200928,0.5852473378181458,0.6504999995231628,1.1274718046188354,0.3552021086215973
student_resnet20_kd_augmixT_s2,resnet20,kd,contrast,2,0.6011000275611877,0.20530720055103302,1.8579009771347046,0.5928058624267578,0.6460999846458435,1.1838929653167725,0.34526175260543823
student_resnet20_dkd_augmixT_s1,resnet20,dkd,contrast,3,0.54339998960495,0.14762812852859497,1.8488481044769287,0.6212129592895508,0.6200000047683716,0.9392117261886597,0.3762662708759308
student_resnet20_kd_augmixT_s1,resnet20,kd,contrast,3,0.5343999862670898,0.24338392913341522,2.2571122646331787,0.6893212199211121,0.5956000089645386,1.3210408687591553,0.3450072407722473
student_resnet20_kd_augmixT_s2,resnet20,kd,contrast,3,0.52920001745224,0.25429075956344604,2.3524720668792725,0.7008160352706909,0.5952000021934509,1.4053791761398315,0.349348783493042
student_resnet20_dkd_augmixT_s1,resnet20,dkd,contrast,4,0.428600013256073,0.22656938433647156,2.596364736557007,0.7850821018218994,0.5407000184059143,1.210524559020996,0.3770098388195038
student_resnet20_kd_augmixT_s1,resnet20,kd,contrast,4,0.4156999886035919,0.327498197555542,3.1402475833892822,0.8645741939544678,0.5145999789237976,1.6626603603363037,0.3527717888355255
student_resnet20_kd_augmixT_s2,resnet20,kd,contrast,4,0.42010000348091125,0.3321276605129242,3.285377025604248,0.8740823268890381,0.5148000121116638,1.779570460319519,0.343172550201416
student_resnet20_dkd_augmixT_s1,resnet20,dkd,contrast,5,0.17069999873638153,0.4654562175273895,5.471246719360352,1.1993958950042725,0.38839998841285706,1.946101188659668,0.36293259263038635
student_resnet20_kd_augmixT_s1,resnet20,kd,contrast,5,0.18050000071525574,0.5058911442756653,6.0388641357421875,1.2334957122802734,0.39100000262260437,2.298107147216797,0.36126288771629333
student_resnet20_kd_augmixT_s2,resnet20,kd,contrast,5,0.1768999993801117,0.5187536478042603,6.288590908050537,1.2542065382003784,0.3707999885082245,2.544393301010132,0.33727991580963135
student_resnet20_dkd_augmixT_s1,resnet20,dkd,elastic_transform,1,0.6326000094413757,0.09514394402503967,1.3945661783218384,0.502526581287384,0.671500027179718,0.8132614493370056,0.34574466943740845
student_resnet20_kd_augmixT_s1,resnet20,kd,elastic_transform,1,0.6182000041007996,0.1887121945619583,1.7445673942565918,0.5638301968574524,0.6525999903678894,1.1677359342575073,0.3271276652812958
student_resnet20_kd_augmixT_s2,resnet20,kd,elastic_transform,1,0.6155999898910522,0.19042685627937317,1.722363829612732,0.5630354285240173,0.6485999822616577,1.1613374948501587,0.3231382966041565
student_resnet20_dkd_augmixT_s1,resnet20,dkd,elastic_transform,2,0.6383000016212463,0.09246642887592316,1.357496976852417,0.4930121600627899,0.6762999892234802,0.7944231629371643,0.35549432039260864
student_resnet20_kd_augmixT_s1,resnet20,kd,elastic_transform,2,0.6269999742507935,0.1815606653690338,1.700896143913269,0.5531406402587891,0.6589999794960022,1.1542855501174927,0.33379262685775757
student_resnet20_kd_augmixT_s2,resnet20,kd,elastic_transform,2,0.6208000183105469,0.18571653962135315,1.6757628917694092,0.5540684461593628,0.6535000205039978,1.1597281694412231,0.33275920152664185
student_resnet20_dkd_augmixT_s1,resnet20,dkd,elastic_transform,3,0.6126999855041504,0.1002100482583046,1.5043890476226807,0.5301068425178528,0.6471999883651733,0.8851175904273987,0.3330059051513672
student_resnet20_kd_augmixT_s1,resnet20,kd,elastic_transform,3,0.5835000276565552,0.20835362374782562,1.9665101766586304,0.6164940595626831,0.6147000193595886,1.3278470039367676,0.30648329854011536
student_resnet20_kd_augmixT_s2,resnet20,kd,elastic_transform,3,0.5817999839782715,0.21145203709602356,1.9487662315368652,0.6138198375701904,0.621399998664856,1.3040313720703125,0.3238375782966614
student_resnet20_dkd_augmixT_s1,resnet20,dkd,elastic_transform,4,0.5313000082969666,0.1344749927520752,1.911635160446167,0.63313227891922,0.5789999961853027,1.0587981939315796,0.31989115476608276
student_resnet20_kd_augmixT_s1,resnet20,kd,elastic_transform,4,0.5214999914169312,0.24510198831558228,2.39536190032959,0.7074295282363892,0.5575000047683716,1.5919753313064575,0.2902028560638428
student_resnet20_kd_augmixT_s2,resnet20,kd,elastic_transform,4,0.5072000026702881,0.25714072585105896,2.4724514484405518,0.726675271987915,0.5544999837875366,1.5819969177246094,0.3033151924610138
student_resnet20_dkd_augmixT_s1,resnet20,dkd,elastic_transform,5,0.453900009393692,0.17599216103553772,2.393603801727295,0.7324352860450745,0.5264000296592712,1.1983650922775269,0.32252323627471924
student_resnet20_kd_augmixT_s1,resnet20,kd,elastic_transform,5,0.4505000114440918,0.2855902910232544,2.926495313644409,0.8104020357131958,0.5073000192642212,1.7946230173110962,0.29760727286338806
student_resnet20_kd_augmixT_s2,resnet20,kd,elastic_transform,5,0.4357999861240387,0.30085113644599915,3.082202911376953,0.8280636668205261,0.5042999982833862,1.8137593269348145,0.3027486801147461
student_resnet20_dkd_augmixT_s1,resnet20,dkd,pixelate,1,0.6593000292778015,0.0801750048995018,1.2570858001708984,0.46359872817993164,0.6988000273704529,0.7359599471092224,0.36761486530303955
student_resnet20_kd_augmixT_s1,resnet20,kd,pixelate,1,0.6489999890327454,0.1627831906080246,1.5285276174545288,0.5151450037956238,0.6808000206947327,1.0301707983016968,0.336250901222229
student_resnet20_kd_augmixT_s2,resnet20,kd,pixelate,1,0.6521999835968018,0.16231653094291687,1.4959754943847656,0.5048991441726685,0.6834999918937683,1.0270293951034546,0.3391684889793396
student_resnet20_dkd_augmixT_s1,resnet20,dkd,pixelate,2,0.5834000110626221,0.11245188117027283,1.6434550285339355,0.5648748278617859,0.633899986743927,0.9184798002243042,0.3467176556587219
student_resnet20_kd_augmixT_s1,resnet20,kd,pixelate,2,0.5613999962806702,0.21411234140396118,2.052915096282959,0.6357207298278809,0.6047000288963318,1.306190013885498,0.314531534910202
student_resnet20_kd_augmixT_s2,resnet20,kd,pixelate,2,0.5756999850273132,0.20720508694648743,1.9603396654129028,0.6130342483520508,0.6186000108718872,1.2512078285217285,0.32441043853759766
student_resnet20_dkd_augmixT_s1,resnet20,dkd,pixelate,3,0.5299999713897705,0.1441539227962494,1.9353902339935303,0.6333238482475281,0.5960000157356262,1.0232666730880737,0.3448878526687622
student_resnet20_kd_augmixT_s1,resnet20,kd,pixelate,3,0.5019999742507935,0.2518322765827179,2.507915735244751,0.726412832736969,0.5601000189781189,1.5293349027633667,0.3172152638435364
student_resnet20_kd_augmixT_s2,resnet20,kd,pixelate,3,0.5253999829292297,0.241047203540802,2.3302974700927734,0.6946147680282593,0.5835000276565552,1.3908398151397705,0.3271191418170929
student_resnet20_dkd_augmixT_s1,resnet20,dkd,pixelate,4,0.3668999969959259,0.25742393732070923,3.1693217754364014,0.8626323342323303,0.4763000011444092,1.4426829814910889,0.32420089840888977
student_resnet20_kd_augmixT_s1,resnet20,kd,pixelate,4,0.3310000002384186,0.3853825330734253,4.228116989135742,1.0017324686050415,0.4260999858379364,2.282778024673462,0.28788867592811584
student_resnet20_kd_augmixT_s2,resnet20,kd,pixelate,4,0.362199991941452,0.36263307929039,3.862356185913086,0.9499664902687073,0.46480000019073486,1.9698855876922607,0.3174603283405304
student_resnet20_dkd_augmixT_s1,resnet20,dkd,pixelate,5,0.21060000360012054,0.3900442123413086,4.875471115112305,1.097947597503662,0.36329999566078186,1.9069643020629883,0.29656660556793213
student_resnet20_kd_augmixT_s1,resnet20,kd,pixelate,5,0.1777999997138977,0.525233268737793,6.472783088684082,1.259292721748352,0.2985999882221222,3.1347289085388184,0.2370210587978363
student_resnet20_kd_augmixT_s2,resnet20,kd,pixelate,5,0.2062000036239624,0.5055206418037415,6.072195529937744,1.2245850563049316,0.3481000065803528,2.736454963684082,0.2796483635902405
student_resnet20_dkd_augmixT_s1,resnet20,dkd,jpeg_compression,1,0.5799999833106995,0.1093817874789238,1.6513779163360596,0.5701160430908203,0.6237999796867371,0.935472846031189,0.32911741733551025
student_resnet20_kd_augmixT_s1,resnet20,kd,jpeg_compression,1,0.5633999705314636,0.2093382626771927,2.043684482574463,0.6363508701324463,0.6025999784469604,1.3584612607955933,0.30987077951431274
student_resnet20_kd_augmixT_s2,resnet20,kd,jpeg_compression,1,0.5583000183105469,0.21656613051891327,2.0671420097351074,0.6424856781959534,0.5985000133514404,1.349540114402771,0.3104206621646881
student_resnet20_dkd_augmixT_s1,resnet20,dkd,jpeg_compression,2,0.5131999850273132,0.13843172788619995,1.9750502109527588,0.6461477875709534,0.5613999962806702,1.0935860872268677,0.31057626008987427
student_resnet20_kd_augmixT_s1,resnet20,kd,jpeg_compression,2,0.49959999322891235,0.2464192658662796,2.4259397983551025,0.7265557050704956,0.5414999723434448,1.5932588577270508,0.2865077555179596
student_resnet20_kd_augmixT_s2,resnet20,kd,jpeg_compression,2,0.5008000135421753,0.24791741371154785,2.4535629749298096,0.7271265983581543,0.5467000007629395,1.5769519805908203,0.29252487421035767
student_resnet20_dkd_augmixT_s1,resnet20,dkd,jpeg_compression,3,0.49059998989105225,0.1497076153755188,2.1151158809661865,0.6791350245475769,0.54830002784729,1.1366504430770874,0.31514355540275574
student_resnet20_kd_augmixT_s1,resnet20,kd,jpeg_compression,3,0.47519999742507935,0.26071351766586304,2.5849010944366455,0.7620564699172974,0.5167999863624573,1.6771790981292725,0.277229905128479
student_resnet20_kd_augmixT_s2,resnet20,kd,jpeg_compression,3,0.47780001163482666,0.2600376307964325,2.591813802719116,0.7546015381813049,0.5260000228881836,1.637030839920044,0.2835853695869446
student_resnet20_dkd_augmixT_s1,resnet20,dkd,jpeg_compression,4,0.4648999869823456,0.16339798271656036,2.2629263401031494,0.710064172744751,0.5169000029563904,1.201528787612915,0.2910740077495575
student_resnet20_kd_augmixT_s1,resnet20,kd,jpeg_compression,4,0.4535999894142151,0.2712216079235077,2.7489943504333496,0.7918479442596436,0.4950999915599823,1.7662818431854248,0.2681921124458313
student_resnet20_kd_augmixT_s2,resnet20,kd,jpeg_compression,4,0.44940000772476196,0.2743951678276062,2.7635045051574707,0.7927302718162537,0.499099999666214,1.7326589822769165,0.2719027101993561
student_resnet20_dkd_augmixT_s1,resnet20,dkd,jpeg_compression,5,0.4325999915599823,0.17593955993652344,2.455502986907959,0.7484896779060364,0.4916999936103821,1.276097059249878,0.28297871351242065
student_resnet20_kd_augmixT_s1,resnet20,kd,jpeg_compression,5,0.42089998722076416,0.2946758270263672,3.0428667068481445,0.8437440395355225,0.46939998865127563,1.919579267501831,0.2653771638870239
student_resnet20_kd_augmixT_s2,resnet20,kd,jpeg_compression,5,0.41609999537467957,0.29234665632247925,3.0384976863861084,0.8404617309570312,0.4697999954223633,1.8696950674057007,0.26499032974243164
student_resnet20_dkd_augmixT_s1,resnet20,dkd,speckle_noise,1,0.5558000206947327,0.1209433451294899,1.7855314016342163,0.5970868468284607,0.6019999980926514,1.0422580242156982,0.32943469285964966
student_resnet20_kd_augmixT_s1,resnet20,kd,speckle_noise,1,0.5116000175476074,0.2449623942375183,2.4622442722320557,0.7144152522087097,0.5493000149726868,1.6645296812057495,0.29109811782836914
student_resnet20_kd_augmixT_s2,resnet20,kd,speckle_noise,1,0.5092999935150146,0.24985307455062866,2.5124971866607666,0.7207144498825073,0.5503000020980835,1.696739673614502,0.28687459230422974
student_resnet20_dkd_augmixT_s1,resnet20,dkd,speckle_noise,2,0.39730000495910645,0.20736268162727356,2.7760400772094727,0.798417866230011,0.4657999873161316,1.5645428895950317,0.2931297719478607
student_resnet20_kd_augmixT_s1,resnet20,kd,speckle_noise,2,0.3549000024795532,0.3463086783885956,3.895906686782837,0.9467099905014038,0.41690000891685486,2.4921205043792725,0.27099236845970154
student_resnet20_kd_augmixT_s2,resnet20,kd,speckle_noise,2,0.33340001106262207,0.36863255500793457,4.118821144104004,0.9777644276618958,0.39489999413490295,2.6630935668945312,0.2544529139995575
student_resnet20_dkd_augmixT_s1,resnet20,dkd,speckle_noise,3,0.3336000144481659,0.2533029317855835,3.348872184753418,0.888098418712616,0.4115999937057495,1.8553690910339355,0.2758384644985199
student_resnet20_kd_augmixT_s1,resnet20,kd,speckle_noise,3,0.2896000146865845,0.39920759201049805,4.677464008331299,1.0464468002319336,0.3610999882221222,2.9226856231689453,0.25142595171928406
student_resnet20_kd_augmixT_s2,resnet20,kd,speckle_noise,3,0.26750001311302185,0.41712287068367004,4.931511878967285,1.0795375108718872,0.34049999713897705,3.1176817417144775,0.24161532521247864
student_resnet20_dkd_augmixT_s1,resnet20,dkd,speckle_noise,4,0.23190000653266907,0.33122968673706055,4.472838878631592,1.0346609354019165,0.3287000060081482,2.355759382247925,0.2524752616882324
student_resnet20_kd_augmixT_s1,resnet20,kd,speckle_noise,4,0.19589999318122864,0.47366026043891907,6.137947082519531,1.1948381662368774,0.288100004196167,3.611145257949829,0.22962680459022522
student_resnet20_kd_augmixT_s2,resnet20,kd,speckle_noise,4,0.18310000002384186,0.4815286695957184,6.278651714324951,1.2133711576461792,0.26460000872612,3.7023913860321045,0.21191926300525665
student_resnet20_dkd_augmixT_s1,resnet20,dkd,speckle_noise,5,0.15790000557899475,0.3912261724472046,5.444452285766602,1.1389325857162476,0.26759999990463257,2.705873727798462,0.23173926770687103
student_resnet20_kd_augmixT_s1,resnet20,kd,speckle_noise,5,0.13570000231266022,0.519197404384613,7.313610076904297,1.2845693826675415,0.24310000240802765,3.99985671043396,0.21814608573913574
student_resnet20_kd_augmixT_s2,resnet20,kd,speckle_noise,5,0.1234000027179718,0.5235570073127747,7.298904895782471,1.2931575775146484,0.22859999537467957,3.9805305004119873,0.2094660997390747
student_resnet20_dkd_augmixT_s1,resnet20,dkd,gaussian_blur,1,0.6973999738693237,0.0692758709192276,1.0835812091827393,0.41374072432518005,0.7271000146865845,0.6582666039466858,0.3649366497993469
student_resnet20_kd_augmixT_s1,resnet20,kd,gaussian_blur,1,0.6901999711990356,0.14240172505378723,1.3089591264724731,0.45458143949508667,0.7199000120162964,0.9079926013946533,0.3579893708229065
student_resnet20_kd_augmixT_s2,resnet20,kd,gaussian_blur,1,0.6901999711990356,0.14412030577659607,1.289305329322815,0.45369380712509155,0.7213000059127808,0.9104753732681274,0.36738863587379456
student_resnet20_dkd_augmixT_s1,resnet20,dkd,gaussian_blur,2,0.6444000005722046,0.09316177666187286,1.3551020622253418,0.48825255036354065,0.6780999898910522,0.7933896780014038,0.3485822379589081
student_resnet20_kd_augmixT_s1,resnet20,kd,gaussian_blur,2,0.6175000071525574,0.19206291437149048,1.7752095460891724,0.5686039924621582,0.6572999954223633,1.1866496801376343,0.34631380438804626
student_resnet20_kd_augmixT_s2,resnet20,kd,gaussian_blur,2,0.621399998664856,0.1883869618177414,1.7266653776168823,0.5580002665519714,0.6567000150680542,1.1670079231262207,0.3361058533191681
student_resnet20_dkd_augmixT_s1,resnet20,dkd,gaussian_blur,3,0.5835999846458435,0.1296447217464447,1.6471576690673828,0.565153181552887,0.6288999915122986,0.9570439457893372,0.33820459246635437
student_resnet20_kd_augmixT_s1,resnet20,kd,gaussian_blur,3,0.5401999950408936,0.24319930374622345,2.293867826461792,0.6844640374183655,0.5852000117301941,1.5311702489852905,0.32011133432388306
student_resnet20_kd_augmixT_s2,resnet20,kd,gaussian_blur,3,0.5529999732971191,0.2292797863483429,2.2331674098968506,0.6649838089942932,0.5911999940872192,1.4942799806594849,0.30723729729652405
student_resnet20_dkd_augmixT_s1,resnet20,dkd,gaussian_blur,4,0.5220000147819519,0.16240546107292175,2.0206336975097656,0.6528897285461426,0.5800999999046326,1.1640973091125488,0.33364957571029663
student_resnet20_kd_augmixT_s1,resnet20,kd,gaussian_blur,4,0.45890000462532043,0.29589301347732544,2.9368157386779785,0.8063886761665344,0.5090000033378601,1.952690601348877,0.29285261034965515
student_resnet20_kd_augmixT_s2,resnet20,kd,gaussian_blur,4,0.46709999442100525,0.28844931721687317,2.87424373626709,0.7897406220436096,0.5162000060081482,1.9063972234725952,0.2994939982891083
student_resnet20_dkd_augmixT_s1,resnet20,dkd,gaussian_blur,5,0.3837999999523163,0.2581242024898529,2.9868147373199463,0.8450114130973816,0.4681999981403351,1.6381255388259888,0.31137725710868835
student_resnet20_kd_augmixT_s1,resnet20,kd,gaussian_blur,5,0.31690001487731934,0.4001419246196747,4.361545085906982,1.027421236038208,0.3905999958515167,2.730053424835205,0.2684630751609802
student_resnet20_kd_augmixT_s2,resnet20,kd,gaussian_blur,5,0.33399999141693115,0.3802846670150757,4.256828308105469,0.9973242878913879,0.40529999136924744,2.662135601043701,0.26971057057380676
student_resnet20_dkd_augmixT_s1,resnet20,dkd,spatter,1,0.6743000149726868,0.07368022203445435,1.186867594718933,0.44576942920684814,0.7069000005722046,0.7162817716598511,0.3617839217185974
student_resnet20_kd_augmixT_s1,resnet20,kd,spatter,1,0.6593999862670898,0.15741023421287537,1.4650965929031372,0.49770990014076233,0.6872000098228455,1.016845464706421,0.33371779322624207
student_resnet20_kd_augmixT_s2,resnet20,kd,spatter,1,0.6585999727249146,0.1633533239364624,1.459657907485962,0.5015818476676941,0.6917999982833862,1.0296519994735718,0.34717416763305664
student_resnet20_dkd_augmixT_s1,resnet20,dkd,spatter,2,0.6269999742507935,0.08635884523391724,1.3989043235778809,0.5039741396903992,0.6674000024795532,0.8199800848960876,0.3496851325035095
student_resnet20_kd_augmixT_s1,resnet20,kd,spatter,2,0.6046000123023987,0.18690268695354462,1.7632420063018799,0.5752259492874146,0.6396999955177307,1.2143657207489014,0.3235001564025879
student_resnet20_kd_augmixT_s2,resnet20,kd,spatter,2,0.6134999990463257,0.18003319203853607,1.7553209066390991,0.5667307376861572,0.6431000232696533,1.2119141817092896,0.31455087661743164
student_resnet20_dkd_augmixT_s1,resnet20,dkd,spatter,3,0.5570999979972839,0.1134369820356369,1.725730299949646,0.5924924612045288,0.6019999980926514,0.9830883741378784,0.323569655418396
student_resnet20_kd_augmixT_s1,resnet20,kd,spatter,3,0.5264000296592712,0.23182974755764008,2.2170469760894775,0.6837513446807861,0.5612999796867371,1.4951187372207642,0.289351224899292
student_resnet20_kd_augmixT_s2,resnet20,kd,spatter,3,0.5311999917030334,0.229432612657547,2.2283260822296143,0.6816450357437134,0.5676000118255615,1.4924163818359375,0.2901724576950073
student_resnet20_dkd_augmixT_s1,resnet20,dkd,spatter,4,0.6050000190734863,0.08819374442100525,1.5258928537368774,0.534212589263916,0.6406999826431274,0.8955881595611572,0.3300062417984009
student_resnet20_kd_augmixT_s1,resnet20,kd,spatter,4,0.5892000198364258,0.19264596700668335,1.8584392070770264,0.5960394740104675,0.6208999752998352,1.2454804182052612,0.31191515922546387
student_resnet20_kd_augmixT_s2,resnet20,kd,spatter,4,0.5753999948501587,0.1959516853094101,1.8821159601211548,0.6065779328346252,0.6062999963760376,1.3061089515686035,0.310979425907135
student_resnet20_dkd_augmixT_s1,resnet20,dkd,spatter,5,0.4968999922275543,0.14327958226203918,2.092125415802002,0.6763665676116943,0.5426999926567078,1.1970616579055786,0.29382652044296265
student_resnet20_kd_augmixT_s1,resnet20,kd,spatter,5,0.4846000075340271,0.2589547038078308,2.5622799396514893,0.7502192854881287,0.5306000113487244,1.6799992322921753,0.28731441497802734
student_resnet20_kd_augmixT_s2,resnet20,kd,spatter,5,0.47040000557899475,0.26057490706443787,2.604731559753418,0.7646069526672363,0.5144000053405762,1.7561432123184204,0.2771555185317993
student_resnet20_dkd_augmixT_s1,resnet20,dkd,saturate,1,0.5909000039100647,0.10682583600282669,1.6201092004776,0.550373375415802,0.6365000009536743,0.8591755628585815,0.33276256918907166
student_resnet20_kd_augmixT_s1,resnet20,kd,saturate,1,0.564300000667572,0.21653732657432556,2.0683889389038086,0.6319803595542908,0.6169999837875366,1.2422194480895996,0.3279109597206116
student_resnet20_kd_augmixT_s2,resnet20,kd,saturate,1,0.586899995803833,0.2002420276403427,1.9555431604385376,0.6040635704994202,0.6294999718666077,1.225900411605835,0.3239155113697052
student_resnet20_dkd_augmixT_s1,resnet20,dkd,saturate,2,0.5088000297546387,0.14617475867271423,2.126329183578491,0.6568325757980347,0.5774999856948853,0.9998065233230591,0.3255814015865326
student_resnet20_kd_augmixT_s1,resnet20,kd,saturate,2,0.48989999294281006,0.2589693069458008,2.6596591472625732,0.7423693537712097,0.5576000213623047,1.470262885093689,0.3170619308948517
student_resnet20_kd_augmixT_s2,resnet20,kd,saturate,2,0.5024999976158142,0.25291678309440613,2.6001853942871094,0.7263920307159424,0.5619000196456909,1.470849633216858,0.3078517019748688
student_resnet20_dkd_augmixT_s1,resnet20,dkd,saturate,3,0.6740000247955322,0.07852170616388321,1.1844426393508911,0.4437923729419708,0.7091000080108643,0.6993188261985779,0.35918673872947693
student_resnet20_kd_augmixT_s1,resnet20,kd,saturate,3,0.6676999926567078,0.15166595578193665,1.4493751525878906,0.48956507444381714,0.6948000192642212,0.9810549020767212,0.3369728922843933
student_resnet20_kd_augmixT_s2,resnet20,kd,saturate,3,0.6643999814987183,0.15929707884788513,1.4548439979553223,0.4946315288543701,0.6951000094413757,0.9918069243431091,0.3407379388809204
student_resnet20_dkd_augmixT_s1,resnet20,dkd,saturate,4,0.6025000214576721,0.11201661825180054,1.5652872323989868,0.5408775806427002,0.6532999873161316,0.8398006558418274,0.3492307662963867
student_resnet20_kd_augmixT_s1,resnet20,kd,saturate,4,0.5809999704360962,0.2053895890712738,2.006253242492676,0.6160492897033691,0.6273999810218811,1.2257763147354126,0.3381538391113281
student_resnet20_kd_augmixT_s2,resnet20,kd,saturate,4,0.5734000205993652,0.2176215648651123,2.0362651348114014,0.6267266869544983,0.6248999834060669,1.2433886528015137,0.3461538553237915
student_resnet20_dkd_augmixT_s1,resnet20,dkd,saturate,5,0.525600016117096,0.1514199674129486,2.0244011878967285,0.6440284252166748,0.595300018787384,0.9951053857803345,0.34783726930618286
student_resnet20_kd_augmixT_s1,resnet20,kd,saturate,5,0.4950999915599823,0.25881749391555786,2.6743462085723877,0.7442163825035095,0.5583000183105469,1.485020399093628,0.3182286322116852
student_resnet20_kd_augmixT_s2,resnet20,kd,saturate,5,0.4885999858379364,0.26939788460731506,2.7297606468200684,0.7589211463928223,0.5594000220298767,1.5043243169784546,0.33444902300834656
